run_id,budget,performance,hp_config.buffer_alpha,hp_config.buffer_batch_size,hp_config.buffer_beta,hp_config.buffer_epsilon,hp_config.buffer_prio_sampling,hp_config.buffer_size,hp_config.epsilon,hp_config.gradient_steps,hp_config.learning_rate,hp_config.learning_starts,hp_config.train_freq,hp_config.use_target_network
0,None,-500.0,0.5533253688880515,256,0.6067357423109274,0.005903948646972072,True,64952,0.2216056695750328,9,0.06581332043291807,393,102,False
1,None,-500.0,0.08032569761590806,64,0.03001621346592246,0.008493578609931444,False,87135,0.4894160794052182,8,0.00020295362430434728,800,16,False
2,None,-500.0,0.526629838532571,128,0.2719100559835807,0.00796810320490795,True,57285,0.014300951215995797,7,0.0011494196400307435,632,121,False
3,None,-500.0,0.7006548839679922,64,0.670099048291211,0.007035740826563435,True,13784,0.161137033707471,4,0.0007095513849771362,449,127,True,209,0.1696964227061463
4,None,-359.5234375,0.6565772422107444,64,0.47164766512774325,0.003199830328014425,True,11948,0.32988314678531033,2,9.614170248896964e-06,377,106,True,838,0.10513742381502343
5,None,-500.0,0.9766948703632617,128,0.9769934773084338,0.006443609677705415,False,4902,0.14498944647532275,2,3.0248301110217265e-05,121,41,True,65,0.6955473981763196
6,None,-500.0,0.5709354396645094,64,0.5280155729320327,0.0018454645968259751,False,93002,0.1626916314634052,7,4.56025693030512e-06,734,38,True,587,0.029906470725618618
7,None,-500.0,0.8306506289251895,64,0.6810383714282678,0.003430071758729484,False,96258,0.12813280604237923,6,0.0009124512203432773,586,29,False
8,None,-500.0,0.7024844825643293,64,0.8156598415054525,0.004568551667622862,False,58556,0.44145900411815214,7,0.004229328306806069,513,123,False
9,None,-500.0,0.029001266326240192,64,0.6635718021177582,0.003610698464893997,False,43462,0.07205966179011286,3,0.0007076598458663513,605,74,False
10,None,-500.0,0.8975811298925523,128,0.44150627601297054,0.00902731019514105,False,70692,0.054612309219589046,10,0.0037256881265494432,1023,20,False
11,None,-500.0,0.13258178302094709,256,0.8092457691377606,0.00612190664753134,True,7869,0.350227242706559,5,0.004076411305144608,888,125,False
12,None,-498.296875,0.7326906567998175,64,0.525826240142088,0.0014890418950532828,True,2857,0.3978803631619232,3,5.3303828564238915e-05,951,91,True,165,0.6252636174847659
13,None,-500.0,0.5814563027181259,64,0.9348718579455458,0.006525693603693064,False,59411,0.366410404610801,4,9.797275285054146e-05,215,24,False
14,None,-303.296875,0.23514048169359,64,0.06744886872063686,0.004909749630023087,True,69945,0.19198716044977804,2,1.3285981456618354e-06,68,87,True,537,0.8977045801099387
15,None,-500.0,0.9904355579227373,64,0.6664474210690998,0.0033699013906343563,True,76086,0.1634084896571216,4,0.0008741492066790171,851,81,False
16,None,-500.0,0.19377958486289268,256,0.6906133936239371,0.0029395690940220262,False,73361,0.1307011130845378,3,0.00038994519179077927,26,27,True,375,0.4689396701211626
17,None,-500.0,0.2848524192317846,128,0.865217049863999,0.002057786703658298,False,14095,0.3598455421903339,4,0.0006715936161562293,187,19,True,356,0.9410276258002849
18,None,-500.0,0.7676720012688956,256,0.9046825423484741,0.0017508019189781672,False,58873,0.48115850738087834,3,1.6000881156206383e-05,102,3,False
19,None,-500.0,0.2889128046964096,128,0.07331571345977131,0.005370648363411607,False,87777,0.17238868115923858,10,1.4404829836740325e-05,973,121,False
20,None,-500.0,0.3000900816627188,256,0.6216979249983485,0.0011191317198300955,True,15686,0.4910055479600353,5,0.0003068716917080382,655,48,True,823,0.1979494327837304
21,None,-493.7265625,0.5162057927209914,64,0.1068660396490937,0.00875972365679515,False,96124,0.45374497211448356,8,4.6315436364197874e-05,83,53,True,133,0.06289290996895701
22,None,-500.0,0.728338420568473,64,0.7728749410177485,0.0023225198086033755,True,9892,0.33766366464018766,3,0.00012667687272692154,571,111,False
23,None,-500.0,0.06482057721698596,64,0.2694969677472815,0.005105265101204317,False,69874,0.1453418290581725,4,8.049238739078237e-06,808,8,False
24,None,-500.0,0.26682833870190137,128,0.5917236388444251,0.0034553971218202035,True,20527,0.23262866245922367,1,0.00997652793283115,78,67,True,578,0.9598390074250909
25,None,-500.0,0.6491145420114438,64,0.43609841511298064,0.005590151670864253,False,68466,0.14241006837722422,2,9.191330501650175e-05,980,24,False
26,None,-500.0,0.8832209961275906,128,0.7269259602454279,0.004591227895327918,False,69320,0.3513129168540058,4,0.006079854886425403,651,31,True,797,0.9595749370048703
27,None,-500.0,0.46355743898744245,128,0.859145417751619,0.005115011080184714,False,58010,0.4112797247471509,10,0.011956913676401459,163,81,True,63,0.4297919293709435
28,None,-500.0,0.2660972262205136,256,0.04297158028122923,0.009630844496771263,True,36329,0.013082608828435406,2,0.00010146061816971761,952,13,False
29,None,-500.0,0.33343387295057747,64,0.6183200594121057,0.0012976713232795507,True,43464,0.0386966666174865,3,1.2758645677339481e-05,259,17,True,116,0.6222954569176204
30,None,-114.7734375,0.9745136506898698,256,0.41496355441933097,0.0024665898344194484,False,49552,0.49475783975579357,1,0.008244649388096591,295,31,False
31,None,-500.0,0.5221354320302659,128,0.5591409305748047,0.003583463679276668,False,42085,0.18347005244051667,9,0.04215358928646465,47,30,True,815,0.9856365133668645
32,None,-500.0,0.9692819876236483,256,0.3035907024133896,0.009928101190730267,True,11506,0.47572154247242004,3,0.0028108736569220035,59,94,False
33,None,-500.0,0.3805532214877069,256,0.24542917011364845,0.0025466778914287874,True,31159,0.4203986155180329,3,0.00032504784226357336,966,82,False
34,None,-488.7578125,0.7025793096225038,256,0.9944567817512027,0.005066395144027837,True,30003,0.08041557931542659,5,4.5336359388298075e-06,619,49,False
35,None,-500.0,0.2820753341689206,128,0.8977935466421657,0.004660600112521735,False,27911,0.23044485397776335,5,1.746092815608174e-05,518,40,True,525,0.7530890726996976
36,None,-500.0,0.34017239113336256,256,0.8636953613675433,0.001438212663779757,True,45181,0.05679080492752467,4,0.005017502852824772,697,80,False
37,None,-351.6796875,0.6794800574546882,256,0.5482412732898142,0.00354429685850983,True,71331,0.008902631236677987,4,0.0004494548516748042,945,12,True,25,0.3491848744981744
38,None,-335.265625,0.626008748251397,64,0.21765245015907875,0.002041329099943843,False,69839,0.33761878459493205,10,1.0316112497075322e-06,663,77,False
39,None,-155.5546875,0.6995176063944356,256,0.5147091246553683,0.004005683826371283,False,10648,0.223807640676313,6,0.002949728570284702,93,30,True,624,0.8880911734052434
40,None,-500.0,0.6226379065589627,64,0.9807743314594096,0.008846071612799437,False,92315,0.2729834929097822,10,0.014108694934155366,992,118,True,175,0.3952433303301739
41,None,-500.0,0.9526212703224666,64,0.16886296744872503,0.00897674199477904,True,90882,0.08431408082847092,7,0.00015897131406436484,78,90,True,40,0.06934485526707752
42,None,-500.0,0.07046775169611946,256,0.74248507865081,0.009082561214923617,False,53376,0.15570095035195225,10,6.470611044589143e-05,482,49,False
43,None,-500.0,0.6835451793548515,64,0.6111768802714256,0.005298818525887745,True,24621,0.2596838079328846,4,0.00019168999952713826,345,125,True,97,0.3499578115030069
44,None,-500.0,0.5951166318617863,128,0.40328417969636166,0.009993501945299542,True,72426,0.3206034337927425,9,0.07605509572205404,912,98,False
45,None,-500.0,0.07200964302921166,64,0.4379586663694856,0.005697966462669843,False,95917,0.06307363779048146,2,0.000888124017991769,764,109,False
46,None,-500.0,0.3865318316922974,64,0.6880850942967238,0.006910857625967534,False,10650,0.2513995693735442,6,1.613560300872147e-05,173,111,True,471,0.12467566128787642
47,None,-500.0,0.4624881737180537,256,0.4294692899209181,0.008714124257541107,True,27871,0.20487740663033058,4,0.002274664728284128,353,92,False
48,None,-500.0,0.6183824228122176,64,0.8241826709721334,0.006880790450022733,False,54167,0.059686169940913636,5,0.00010638194203666628,329,4,False
49,None,-500.0,0.7061853215025437,128,0.9595508294581953,0.0019296833957662476,False,3913,0.2697838431889066,5,0.00041775273509264455,374,25,True,519,0.8443490940579939
50,None,-335.9375,0.37948379618734623,64,0.08972668343712564,0.0017677983080683305,True,10923,0.1361946506904186,1,2.128258301351328e-06,877,21,False
51,None,-443.203125,0.16183518908075228,64,0.43865436421836895,0.005754106802606822,True,78372,0.37675571618391723,10,1.3956057340267104e-06,918,51,False
52,None,-500.0,0.7616896271995014,128,0.5060525411064045,0.004387502396749161,True,26847,0.25050529620986745,7,2.436135029103392e-05,537,16,True,47,0.9710241283429265
53,None,-500.0,0.013821747995158484,64,0.6167380855858224,0.0017323263896797478,False,72249,0.4833630358617572,6,3.177008785448946e-05,563,120,False
54,None,-500.0,0.3781995610273367,64,0.2552081722673928,0.003864101582593562,False,46405,0.22507070746659388,4,0.025315739332001503,968,127,True,967,0.7939607739345923
55,None,-500.0,0.6789322561678242,64,0.2242926883347677,0.002494430420691211,False,30130,0.22928165149719484,5,0.007777821595415934,865,18,True,843,0.8198529726982801
56,None,-500.0,0.11138962086789224,64,0.3111567046834138,0.001678231621750063,True,11675,0.28626770886657327,3,0.0009597659246237261,120,125,False
57,None,-500.0,0.25789423072503703,128,0.0495928738817098,0.006757345954676143,True,38378,0.4056356608871532,8,0.059111104864790605,360,115,False
58,None,-500.0,0.2956842580751786,256,0.12130304404018813,0.0029119092516463694,True,40914,0.37389031521590393,6,0.0002743984271641121,0,55,True,209,0.9330699995708894
59,None,-500.0,0.2232442222998058,256,0.8048644378457209,0.002432316132480186,False,12471,0.36530463839290817,7,0.011473417797873734,491,118,True,293,0.7179020714905153
60,None,-485.96875,0.42392811963052085,64,0.11613863797426056,0.008356052003154594,True,88349,0.3679781214867794,5,7.371486436585487e-05,528,114,False
61,None,-500.0,0.9203123328367625,256,0.18523572375182096,0.005351663146847129,True,36556,0.4688729357605563,10,2.5952802446092848e-05,348,77,False
62,None,-500.0,0.8748212590178638,128,0.8999714813047613,0.0026696610777085863,False,33317,0.16168856714677565,5,0.0001463481529172491,366,118,False
63,None,-500.0,0.581932330073672,256,0.797634464857781,0.004100774146788811,False,73860,0.07504571038284064,9,0.00016091900957207911,498,58,False
64,None,-500.0,0.8681206578265046,128,0.40741366981246474,0.0047502258121783995,False,35486,0.1096701239122947,1,0.023995745083432975,941,16,True,176,0.12473948413762093
65,None,-500.0,0.9008680755700299,64,0.9806808068343167,0.0018680577462764577,False,57095,0.1871191564698473,4,0.0061209765571395075,322,85,False
66,None,-490.328125,0.559098608034057,256,0.7283177987604745,0.0013470152145309852,False,22489,0.4520590751915279,1,4.627646457645226e-05,102,61,False
67,None,-500.0,0.3369643653399302,256,0.1489801182213534,0.0030462620416975166,True,70873,0.20064045555048673,4,0.003918609181375267,344,94,False
68,None,-190.6328125,0.17073436843354012,64,0.1879973379252062,0.004109550907207011,True,52707,0.42753499093665465,9,1.2604316614285352e-05,638,15,True,323,0.32333573799907034
69,None,-500.0,0.48775839929498,256,0.0784908322044656,0.00891256003918664,False,18493,0.46988464999824836,6,0.0997798600769536,202,69,True,305,0.5951547270256503
70,None,-500.0,0.922501876202125,256,0.7267019845163126,0.00603256403891532,False,49756,0.4375469282756855,9,1.1726724817725817e-05,790,2,True,230,0.5117943289024404
71,None,-500.0,0.7394846300639777,64,0.5197729799174007,0.009445708195249473,True,68045,0.298475734036673,1,0.0002394037667637549,726,6,False
72,None,-500.0,0.2321694758016318,256,0.5864965357215347,0.0019672531099192408,True,46227,0.01537028428752658,5,0.000280087145295852,249,76,False
73,None,-500.0,0.6432260205341042,256,0.7804934056234794,0.008635107428110054,True,19369,0.49792857001501933,2,0.0002276599293669601,69,121,False
74,None,-348.4609375,0.2618385771064481,64,0.136021085165874,0.005732280577690507,True,32373,0.3152197055997569,8,1.3224020783150314e-06,440,84,False
75,None,-500.0,0.2729762220660328,64,0.4889153360547188,0.003305024155180162,False,24063,0.1587614630541966,8,0.0037645776551110156,572,91,True,6,0.02124157722707063
76,None,-500.0,0.5161095696979497,64,0.060564725367564215,0.00968964975223726,False,16071,0.005328788202151223,10,2.4639193691609446e-05,190,89,True,265,0.975343733409926
77,None,-346.4140625,0.6430681467292702,128,0.4039394286865884,0.007970508593957818,True,96768,0.4312558889925644,7,1.6388188551578139e-06,718,117,False
78,None,-500.0,0.7573520930961926,256,0.10924922663509008,0.00783086099277108,True,96740,0.3094537202143726,6,3.018208014186725e-05,952,35,False
79,None,-500.0,0.5238000211825674,64,0.4776896512793623,0.004944303522745333,True,42949,0.18209015261976766,2,0.00016101662400636765,269,67,True,907,0.8182006624646575
80,None,-106.0546875,0.5570555191853995,256,0.9627711230726924,0.001994700646473945,False,99802,0.49400513882009545,7,4.36620730842196e-06,597,1,True,957,0.33713616687681547
81,None,-500.0,0.642006204719179,64,0.9483436682404737,0.007557028569545382,True,79390,0.05854193461578713,4,1.2767052335051647e-05,700,14,True,277,0.5112794901305661
82,None,-500.0,0.35639870369884014,256,0.03433125406389641,0.006705882291753168,True,27620,0.40112652377384417,10,3.826053602445764e-05,847,14,False
83,None,-500.0,0.43174236379286496,256,0.11254267881388845,0.0011628672238132764,False,44131,0.40035117819753185,10,3.1316139768677e-05,398,63,False
84,None,-500.0,0.3956530222721131,64,0.9451794612379029,0.002219935897976558,False,92616,0.3340094653345471,5,9.884499860753211e-06,376,91,False
85,None,-338.84375,0.8179892447437047,256,0.2835737812096789,0.0043257118612568465,True,56495,0.33576802362367164,3,1.2511585167606812e-06,409,40,False
86,None,-500.0,0.6564697633357907,128,0.5533607747253116,0.008337025366447355,True,80311,0.025383996707420222,9,0.01090985606175547,52,81,False
87,None,-500.0,0.7755265348063529,128,0.9831691435673672,0.009840229995595098,False,12764,0.4694367877971613,3,0.0001954615321828938,776,27,False
88,None,-368.640625,0.12539302630530255,128,0.01460828846881165,0.004823685290815206,False,40781,0.04746832725731838,1,2.4580038784847152e-05,173,124,True,806,0.5902468623237334
89,None,-113.4296875,0.5735940507844515,128,0.9720454453528116,0.004274602975824741,False,55985,0.20083866547473445,10,0.0009807986215994656,121,54,False
90,None,-500.0,0.26678361030010506,256,0.4652764553205757,0.006162487722701339,False,97950,0.43148752714315397,4,0.027447587525043955,654,56,True,771,0.5070845249168718
91,None,-426.96875,0.7883266144704102,256,0.7956316943678684,0.003705860428270902,False,55347,0.2392964692223259,7,1.2787728724582927e-06,104,38,False
92,None,-500.0,0.06054253404500438,64,0.3271230236457233,0.0095212645385007,False,38908,0.017260683729428093,9,0.002007617098000343,156,128,True,868,0.30132350248839207
93,None,-84.578125,0.4409999316619055,256,0.6807332724340702,0.009440779369996353,False,10704,0.4427583798047654,8,0.003625369314094405,55,51,True,822,0.7035233365896841
94,None,-500.0,0.8842468213459439,256,0.7770001380505737,0.009948097748986862,False,4698,0.012054499999396461,4,0.013102633560479072,887,123,True,45,0.9141507604033634
95,None,-500.0,0.311996231379233,128,0.9826204341707028,0.00460403681262331,False,40701,0.38525635890907595,6,1.5403367954345064e-05,278,34,False
96,None,-500.0,0.6971465013321501,256,0.17723685470592,0.004366563625065932,True,68959,0.15146652830655244,4,6.017911174793057e-05,830,74,True,79,0.3775740748396743
97,None,-325.9765625,0.7689251401000967,256,0.7109025311046748,0.007904890594486874,True,55288,0.2739595569568009,8,0.06086292854934314,284,102,False
98,None,-500.0,0.9445921417638183,64,0.15592610148808847,0.007806585083510043,True,52108,0.11383108443759546,3,0.0032299991996741577,30,112,True,503,0.544647484056755
99,None,-500.0,0.649088851633699,128,0.11009641565785641,0.0038654104299955896,True,56068,0.1624241723253913,10,0.06740178372776266,635,80,False
100,None,-500.0,0.32045470562527417,128,0.2092540981032568,0.005384333142256372,False,91305,0.0635829698396372,1,0.031130660989166337,550,26,False
101,None,-380.0625,0.2670042311626433,64,0.21776186913144055,0.002190751073677566,True,68869,0.029502373409228528,2,4.686711175424019e-06,324,39,True,751,0.9980425598805196
102,None,-500.0,0.5386381443925079,256,0.402644011004804,0.0019601420212244213,True,30333,0.24923644633314318,7,0.00020195336586820343,958,114,False
103,None,-500.0,0.40304353010985705,256,0.2920366653481939,0.001935892697890784,False,71203,0.3095618311843731,8,0.015074058206748205,495,113,False
104,None,-500.0,0.5313181885322645,128,0.9382864630249165,0.0037466983242372613,False,90314,0.2320678298636838,9,0.007002207424386431,694,41,True,672,0.8445435634370734
105,None,-500.0,0.02609026079059598,128,0.4484442943759903,0.009082789796142854,True,47957,0.25980971649741724,2,0.0036682718534294372,851,8,True,39,0.95697866364136
106,None,-500.0,0.6704971324967853,256,0.5361793355479947,0.008218616715060526,True,36043,0.19224256946704069,7,6.269974219205542e-05,922,126,True,194,0.12112749266151213
107,None,-500.0,0.051940406620528824,64,0.45232538716539034,0.008532913287598155,True,49913,0.46516127602614343,7,0.009781266656355531,564,126,False
108,None,-500.0,0.4107258926675765,128,0.7742115587348702,0.0047177751331349774,False,79202,0.16204379763874147,10,0.0017712606567206143,903,72,False
109,None,-487.7109375,0.1588462593026566,128,0.4340947279747977,0.009308431190563664,True,98276,0.43834840542618164,1,0.0002849915134717861,735,95,False
110,None,-500.0,0.5034504380038278,256,0.14705247295070792,0.0027459171784017765,True,30543,0.43196682864312697,6,5.537656188472047e-05,870,104,False
111,None,-350.109375,0.1362238929522886,256,0.06916033878079003,0.004152440866103687,False,96117,0.3220794737930031,7,1.6303184508402525e-06,527,70,True,69,0.23661852372715006
112,None,-377.0703125,0.3644040974925844,128,0.5950174582782335,0.007501523668284128,True,33582,0.014747363148233342,1,1.9458460250834747e-05,758,81,False
113,None,-500.0,0.7231160733270148,256,0.8998369671087992,0.006280454496009108,False,4415,0.49927065596563536,2,0.005031946130911292,841,48,True,99,0.751119945771282
114,None,-500.0,0.4581269939136387,256,0.9162535723632826,0.00231925362535951,False,41765,0.15610716989915807,10,0.0897963043062036,203,85,True,651,0.8290400954980912
115,None,-447.4296875,0.6876535610588269,128,0.38923569596813185,0.004538101737010754,False,88278,0.4648877478480401,1,8.093045335588684e-06,115,25,True,507,0.6331666147390607
116,None,-500.0,0.7348207969483045,256,0.9891975528574929,0.006965708307014079,False,78031,0.15722835941326244,9,1.6361220201470698e-06,0,36,True,639,0.11075256387909935
117,None,-500.0,0.6762800324964916,256,0.19345979038357314,0.004736127293486145,False,45742,0.40091581578979296,10,0.009880201914548813,79,104,True,236,0.1615659278673656
118,None,-500.0,0.20554391577762457,128,0.6749729590347451,0.005232891541024369,False,24807,0.38275441397612253,9,0.000646145841736755,467,77,True,556,0.4227646126075136
119,None,-95.421875,0.4064650131911927,256,0.10192270093728827,0.0024988786545593875,False,77342,0.14431959501072492,4,0.04267097174429439,838,79,True,45,0.4369452683734792
120,None,-111.234375,0.6759008678648872,256,0.8541621156848467,0.0012949831116402706,True,34586,0.098422444424896,9,0.006875888340241029,529,126,True,900,0.125298621620297
121,None,-500.0,0.1715498884589795,256,0.11847399512127242,0.0060926058587683985,True,73126,0.45083424321038823,8,0.017719415097577466,33,40,False
122,None,-174.0078125,0.31479535698042305,256,0.30123907107263803,0.004185136991618071,True,84667,0.08164614818378044,3,1.889394233154095e-05,906,27,False
123,None,-436.1328125,0.12440570046431082,64,0.7454693091599142,0.0027640067885266514,True,17527,0.0904848596467494,5,3.535210761312945e-06,329,55,True,389,0.10318121172466178
124,None,-500.0,0.4986427458347149,256,0.8202379405599693,0.0017240366398366047,False,83628,0.12279640875264448,8,0.02843293762145922,826,14,True,192,0.277772567537157
125,None,-468.9375,0.6200211607097998,128,0.7063729603548587,0.004177674644694478,True,31973,0.44274049206262184,10,1.0903443320910018e-05,808,35,False
126,None,-500.0,0.09336915206605069,256,0.7036270111941374,0.00857634165464577,False,48216,0.3128317837402107,6,0.00022229094684770394,778,23,True,432,0.3275404368844966
127,None,-500.0,0.08338327273389386,256,0.7738867786274063,0.005895293498226864,False,8209,0.3845013040087981,3,6.966178518862233e-05,224,101,True,841,0.6649618717475355
128,None,-500.0,0.06843301281642358,256,0.6314781590013496,0.009144840876205075,False,56562,0.4190908544065029,3,0.0005429380880326757,300,124,True,16,0.33259629358375825
129,None,-500.0,0.5074843030001066,64,0.5636558170335683,0.008868544974561073,False,62683,0.47820106660058437,10,0.013223071568498912,622,63,True,607,0.9891971946032851
130,None,-500.0,0.8199200395237887,128,0.16052655479397782,0.008056527530204388,False,96739,0.4380469691599727,6,3.209380686844001e-06,495,41,False
131,None,-487.6875,0.8458837438429939,64,0.603585532910255,0.004871627718751487,False,19568,0.35037555888355487,10,7.52276677546169e-06,207,89,False
132,None,-500.0,0.22055558472371048,128,0.12095116206616599,0.003892797327480983,True,45031,0.46541254931063,2,0.00010161111877368598,630,122,True,918,0.09024325074772092
133,None,-500.0,0.48593398318866177,128,0.2175067015884236,0.004127137013042628,True,86660,0.4777567519599121,6,0.022412946345628227,623,45,True,414,0.5275960400946093
134,None,-500.0,0.053998954376960624,64,0.6041825797416256,0.003025014352094459,False,33383,0.05689293259035918,1,0.04848585994493146,120,19,False
135,None,-354.1796875,0.8185584301595924,128,0.9579136580133709,0.007379946093347573,True,56293,0.36050233041414603,9,1.3539626257480325e-06,736,106,False
136,None,-500.0,0.5539243974668177,256,0.9236851477261606,0.006553316895770126,False,70432,0.038826506832229546,6,2.7066477644157145e-05,292,46,True,579,0.6867654853500215
137,None,-327.9140625,0.27606189320596813,64,0.06822063372511748,0.00618177560527497,True,1939,0.46423777426523355,6,2.8989511772389454e-06,863,126,True,43,0.12637048134850287
138,None,-500.0,0.38783720917897785,256,0.15655829248498443,0.00841591084602426,True,46294,0.3239765847705312,1,0.001185260341002262,968,21,False
139,None,-426.8125,0.016141380562272368,64,0.5367714850803084,0.009485014686050744,False,71723,0.24946341602566588,6,4.283883252902434e-06,898,98,False
140,None,-500.0,0.13391004138172952,256,0.7830763327817434,0.0024969215234767485,False,41977,0.07998557386406545,2,0.06566742303180914,312,121,True,461,0.1383228580315925
141,None,-500.0,0.01473951138876045,128,0.12275516376324978,0.007498220778403118,False,18476,0.4711623609164307,8,3.089237661621978e-05,726,94,True,376,0.3655154425767671
142,None,-500.0,0.6204522591165533,256,0.18146130386630174,0.008876796488526868,True,66382,0.21014724222889863,8,0.004036366235898587,492,83,False
