config_id,budget,performance,hp_config.clip_eps,hp_config.ent_coef,hp_config.gae_lambda,hp_config.learning_rate,hp_config.max_grad_norm,hp_config.minibatch_size,hp_config.normalize_advantage,hp_config.vf_clip_eps,hp_config.vf_coef,optimisation_seed,seed
0,100000,67.328125,0.1334392605349,0.3102823477238,0.8214908255535,1.14519959e-05,0.8613398345187,256,False,0.4983903025277,0.7721353499219,0,0
0,100000,394.39844,0.1334392605349,0.3102823477238,0.8214908255535,1.14519959e-05,0.8613398345187,256,False,0.4983903025277,0.7721353499219,0,1
0,100000,61.960938,0.1334392605349,0.3102823477238,0.8214908255535,1.14519959e-05,0.8613398345187,256,False,0.4983903025277,0.7721353499219,0,2
1,100000,500.0,0.3887567454949,0.1015344760381,0.9361524957409,0.000911882611,0.1023175241426,256,True,0.1634725970216,0.0673412596807,0,0
1,100000,500.0,0.3887567454949,0.1015344760381,0.9361524957409,0.000911882611,0.1023175241426,256,True,0.1634725970216,0.0673412596807,0,1
1,100000,500.0,0.3887567454949,0.1015344760381,0.9361524957409,0.000911882611,0.1023175241426,256,True,0.1634725970216,0.0673412596807,0,2
2,100000,500.0,0.2504352009855,0.3934665988199,0.862010743824,0.0003071026264,0.30080646649,512,False,0.0775880906731,0.4135681213811,0,0
2,100000,336.92188,0.2504352009855,0.3934665988199,0.862010743824,0.0003071026264,0.30080646649,512,False,0.0775880906731,0.4135681213811,0,1
2,100000,226.5,0.2504352009855,0.3934665988199,0.862010743824,0.0003071026264,0.30080646649,512,False,0.0775880906731,0.4135681213811,0,2
3,100000,9.2890625,0.0065933386795,0.1959644667804,0.9957539504622,0.0225563113862,0.5456557460129,128,True,0.2717747073621,0.739386969246,0,0
3,100000,9.3125,0.0065933386795,0.1959644667804,0.9957539504622,0.0225563113862,0.5456557460129,128,True,0.2717747073621,0.739386969246,0,1
3,100000,100.671875,0.0065933386795,0.1959644667804,0.9957539504622,0.0225563113862,0.5456557460129,128,True,0.2717747073621,0.739386969246,0,2
4,100000,9.4453125,0.1230075648054,0.4912656871602,0.91077477531,0.0758471981296,0.727733050473,128,False,0.056819580961,0.3732779752463,0,0
4,100000,92.265625,0.1230075648054,0.4912656871602,0.91077477531,0.0758471981296,0.727733050473,128,False,0.056819580961,0.3732779752463,0,1
4,100000,9.40625,0.1230075648054,0.4912656871602,0.91077477531,0.0758471981296,0.727733050473,128,False,0.056819580961,0.3732779752463,0,2
5,100000,428.79688,0.3703909413889,0.1692365785129,0.8437454778484,5.32211847e-05,0.4882360594347,512,True,0.3467472014017,0.5433470252901,0,0
5,100000,390.76562,0.3703909413889,0.1692365785129,0.8437454778484,5.32211847e-05,0.4882360594347,512,True,0.3467472014017,0.5433470252901,0,1
5,100000,499.66406,0.3703909413889,0.1692365785129,0.8437454778484,5.32211847e-05,0.4882360594347,512,True,0.3467472014017,0.5433470252901,0,2
6,100000,500.0,0.4893948002718,0.3362887748517,0.9695949536324,0.0028273628929,0.1711095534265,512,False,0.3857714850456,0.9530346989632,0,0
6,100000,500.0,0.4893948002718,0.3362887748517,0.9695949536324,0.0028273628929,0.1711095534265,512,False,0.3857714850456,0.9530346989632,0,1
6,100000,158.91406,0.4893948002718,0.3362887748517,0.9695949536324,0.0028273628929,0.1711095534265,512,False,0.3857714850456,0.9530346989632,0,2
7,100000,84.28125,0.2378601389937,0.0020678797737,0.8850459337898,2.153853e-06,0.9276796989143,128,True,0.2052954044193,0.1540218777955,0,0
7,100000,175.125,0.2378601389937,0.0020678797737,0.8850459337898,2.153853e-06,0.9276796989143,128,True,0.2052954044193,0.1540218777955,0,1
7,100000,157.49219,0.2378601389937,0.0020678797737,0.8850459337898,2.153853e-06,0.9276796989143,128,True,0.2052954044193,0.1540218777955,0,2
8,100000,156.08594,0.4945314239563,0.0148864750795,0.9839127720334,0.0058681868648,1.47079193e-05,256,True,0.0197565498132,0.0001174907924,0,0
8,100000,169.49219,0.4945314239563,0.0148864750795,0.9839127720334,0.0058681868648,1.47079193e-05,256,True,0.0197565498132,0.0001174907924,0,1
8,100000,194.17188,0.4945314239563,0.0148864750795,0.9839127720334,0.0058681868648,1.47079193e-05,256,True,0.0197565498132,0.0001174907924,0,2
9,100000,500.0,0.3641886605619,0.1216793814295,0.9247297569654,0.0005877470007,0.1246120250335,256,True,0.1979160747248,0.0806780377467,0,0
9,100000,500.0,0.3641886605619,0.1216793814295,0.9247297569654,0.0005877470007,0.1246120250335,256,True,0.1979160747248,0.0806780377467,0,1
9,100000,500.0,0.3641886605619,0.1216793814295,0.9247297569654,0.0005877470007,0.1246120250335,256,True,0.1979160747248,0.0806780377467,0,2
10,100000,498.47656,0.2237771517628,0.2945863046593,0.9268141063656,0.000156065211,0.0165087038653,256,True,0.172147994524,0.0583508207346,0,0
10,100000,470.9375,0.2237771517628,0.2945863046593,0.9268141063656,0.000156065211,0.0165087038653,256,True,0.172147994524,0.0583508207346,0,1
10,100000,491.78906,0.2237771517628,0.2945863046593,0.9268141063656,0.000156065211,0.0165087038653,256,True,0.172147994524,0.0583508207346,0,2
11,100000,108.24219,0.3969273265896,0.1331178091946,0.8715208973842,5.4638069e-06,0.214278173566,256,True,0.1728770543314,0.0001406045194,0,0
11,100000,357.6797,0.3969273265896,0.1331178091946,0.8715208973842,5.4638069e-06,0.214278173566,256,True,0.1728770543314,0.0001406045194,0,1
11,100000,358.5625,0.3969273265896,0.1331178091946,0.8715208973842,5.4638069e-06,0.214278173566,256,True,0.1728770543314,0.0001406045194,0,2
12,100000,447.9375,0.2523707750567,0.1730415505925,0.9328656161017,0.0122697332479,0.1346253060975,256,True,0.3438158885203,0.220797457472,0,0
12,100000,500.0,0.2523707750567,0.1730415505925,0.9328656161017,0.0122697332479,0.1346253060975,256,True,0.3438158885203,0.220797457472,0,1
12,100000,286.53906,0.2523707750567,0.1730415505925,0.9328656161017,0.0122697332479,0.1346253060975,256,True,0.3438158885203,0.220797457472,0,2
13,100000,491.91406,0.4006961699151,0.1438131826832,0.9282347538715,2.52414356e-05,0.0510395789898,256,True,0.0560672498387,9.98634538e-05,0,0
13,100000,489.03125,0.4006961699151,0.1438131826832,0.9282347538715,2.52414356e-05,0.0510395789898,256,True,0.0560672498387,9.98634538e-05,0,1
13,100000,452.375,0.4006961699151,0.1438131826832,0.9282347538715,2.52414356e-05,0.0510395789898,256,True,0.0560672498387,9.98634538e-05,0,2
14,100000,324.45312,0.3557973457945,0.154975260973,0.9300704706782,0.0006254419021,0.0749754986783,256,False,0.1456744385418,0.0001716294431,0,0
14,100000,358.3203,0.3557973457945,0.154975260973,0.9300704706782,0.0006254419021,0.0749754986783,256,False,0.1456744385418,0.0001716294431,0,1
14,100000,498.46875,0.3557973457945,0.154975260973,0.9300704706782,0.0006254419021,0.0749754986783,256,False,0.1456744385418,0.0001716294431,0,2
15,100000,495.60938,0.3683247354032,0.2141929844446,0.9252737740878,0.0220687311846,0.10041391424,256,True,0.0659191696241,6.02510542e-05,0,0
15,100000,500.0,0.3683247354032,0.2141929844446,0.9252737740878,0.0220687311846,0.10041391424,256,True,0.0659191696241,6.02510542e-05,0,1
15,100000,131.39844,0.3683247354032,0.2141929844446,0.9252737740878,0.0220687311846,0.10041391424,256,True,0.0659191696241,6.02510542e-05,0,2
16,100000,316.96875,0.3281574030961,0.0802120879756,0.935531591391,7.38086176e-05,0.1024132526211,256,True,0.2986247056704,0.1048561140172,0,0
16,100000,401.72656,0.3281574030961,0.0802120879756,0.935531591391,7.38086176e-05,0.1024132526211,256,True,0.2986247056704,0.1048561140172,0,1
16,100000,468.4453,0.3281574030961,0.0802120879756,0.935531591391,7.38086176e-05,0.1024132526211,256,True,0.2986247056704,0.1048561140172,0,2
17,100000,386.52344,0.3666956913593,0.1437817338397,0.9297579539332,6.86403452e-05,0.0999832903583,256,True,0.1425942504532,0.4302764722847,0,0
17,100000,462.58594,0.3666956913593,0.1437817338397,0.9297579539332,6.86403452e-05,0.0999832903583,256,True,0.1425942504532,0.4302764722847,0,1
17,100000,500.0,0.3666956913593,0.1437817338397,0.9297579539332,6.86403452e-05,0.0999832903583,256,True,0.1425942504532,0.4302764722847,0,2
18,100000,137.72656,0.2191881223042,0.059050403092,0.9266479939313,0.0003605251434,0.0005669767481,256,True,0.1250517871806,3.576572e-07,0,0
18,100000,500.0,0.2191881223042,0.059050403092,0.9266479939313,0.0003605251434,0.0005669767481,256,True,0.1250517871806,3.576572e-07,0,1
18,100000,148.86719,0.2191881223042,0.059050403092,0.9266479939313,0.0003605251434,0.0005669767481,256,True,0.1250517871806,3.576572e-07,0,2
19,100000,500.0,0.4827331276279,0.1238856899674,0.9478479147086,0.0013518007114,0.120759372922,256,True,0.1763757779361,1.12390076e-05,0,0
19,100000,174.85938,0.4827331276279,0.1238856899674,0.9478479147086,0.0013518007114,0.120759372922,256,True,0.1763757779361,1.12390076e-05,0,1
19,100000,500.0,0.4827331276279,0.1238856899674,0.9478479147086,0.0013518007114,0.120759372922,256,True,0.1763757779361,1.12390076e-05,0,2
20,100000,500.0,0.4135918394317,0.1034276362108,0.9235722512214,0.0023470470901,0.2002455638842,256,True,0.159717124201,0.0002155258997,0,0
20,100000,500.0,0.4135918394317,0.1034276362108,0.9235722512214,0.0023470470901,0.2002455638842,256,True,0.159717124201,0.0002155258997,0,1
20,100000,500.0,0.4135918394317,0.1034276362108,0.9235722512214,0.0023470470901,0.2002455638842,256,True,0.159717124201,0.0002155258997,0,2
21,100000,106.07031,0.1680112424766,0.3283225218893,0.9479934343059,3.36609524e-05,2.45815935e-05,256,True,0.3366427414588,0.0002669973511,0,0
21,100000,199.19531,0.1680112424766,0.3283225218893,0.9479934343059,3.36609524e-05,2.45815935e-05,256,True,0.3366427414588,0.0002669973511,0,1
21,100000,162.4375,0.1680112424766,0.3283225218893,0.9479934343059,3.36609524e-05,2.45815935e-05,256,True,0.3366427414588,0.0002669973511,0,2
22,100000,132.70312,0.4207079151478,0.02006528162,0.9259787901326,0.000223443452,0.9973647887134,128,False,0.0022205304825,0.7152607495904,0,0
22,100000,439.92188,0.4207079151478,0.02006528162,0.9259787901326,0.000223443452,0.9973647887134,128,False,0.0022205304825,0.7152607495904,0,1
22,100000,136.125,0.4207079151478,0.02006528162,0.9259787901326,0.000223443452,0.9973647887134,128,False,0.0022205304825,0.7152607495904,0,2
23,100000,484.8672,0.4349995653317,0.1172275809295,0.9303875634809,0.0035994275614,0.1219367185637,256,True,0.1913486967787,0.0001895374929,0,0
23,100000,500.0,0.4349995653317,0.1172275809295,0.9303875634809,0.0035994275614,0.1219367185637,256,True,0.1913486967787,0.0001895374929,0,1
23,100000,413.0625,0.4349995653317,0.1172275809295,0.9303875634809,0.0035994275614,0.1219367185637,256,True,0.1913486967787,0.0001895374929,0,2
24,100000,144.46094,0.0506604180025,0.1820474504107,0.8609885845472,1.01697136e-05,0.9417716401025,256,False,0.360542373589,0.3396414368161,0,0
24,100000,432.0703,0.0506604180025,0.1820474504107,0.8609885845472,1.01697136e-05,0.9417716401025,256,False,0.360542373589,0.3396414368161,0,1
24,100000,85.08594,0.0506604180025,0.1820474504107,0.8609885845472,1.01697136e-05,0.9417716401025,256,False,0.360542373589,0.3396414368161,0,2
25,100000,500.0,0.2329562089117,0.2779194615943,0.9146351297974,0.0002384625558,0.0390446881834,256,True,0.1532478316639,0.1104471931398,0,0
25,100000,493.08594,0.2329562089117,0.2779194615943,0.9146351297974,0.0002384625558,0.0390446881834,256,True,0.1532478316639,0.1104471931398,0,1
25,100000,496.75,0.2329562089117,0.2779194615943,0.9146351297974,0.0002384625558,0.0390446881834,256,True,0.1532478316639,0.1104471931398,0,2
26,100000,273.51562,0.3876598382891,0.1032923105849,0.9281365833279,0.0002649637625,0.5110025797833,256,True,0.1243975266874,0.0001895374929,0,0
26,100000,322.57812,0.3876598382891,0.1032923105849,0.9281365833279,0.0002649637625,0.5110025797833,256,True,0.1243975266874,0.0001895374929,0,1
26,100000,497.27344,0.3876598382891,0.1032923105849,0.9281365833279,0.0002649637625,0.5110025797833,256,True,0.1243975266874,0.0001895374929,0,2
27,100000,47.765625,0.3920412693474,0.0868201917847,0.923230558386,0.0010718506935,0.0618320840448,256,True,0.0842742397093,8.24081142e-05,0,0
27,100000,500.0,0.3920412693474,0.0868201917847,0.923230558386,0.0010718506935,0.0618320840448,256,True,0.0842742397093,8.24081142e-05,0,1
27,100000,500.0,0.3920412693474,0.0868201917847,0.923230558386,0.0010718506935,0.0618320840448,256,True,0.0842742397093,8.24081142e-05,0,2
28,100000,500.0,0.3530184781433,0.1627152426606,0.9260217673233,0.0032998284928,0.1774404057297,256,True,0.1771274961819,0.2292157347925,0,0
28,100000,500.0,0.3530184781433,0.1627152426606,0.9260217673233,0.0032998284928,0.1774404057297,256,True,0.1771274961819,0.2292157347925,0,1
28,100000,318.46875,0.3530184781433,0.1627152426606,0.9260217673233,0.0032998284928,0.1774404057297,256,True,0.1771274961819,0.2292157347925,0,2
29,100000,143.64844,0.345995013131,0.2164954274986,0.9664399024573,2.49875794e-05,6.5320244e-06,256,True,0.0533476840524,0.1434833748613,0,0
29,100000,73.203125,0.345995013131,0.2164954274986,0.9664399024573,2.49875794e-05,6.5320244e-06,256,True,0.0533476840524,0.1434833748613,0,1
29,100000,100.83594,0.345995013131,0.2164954274986,0.9664399024573,2.49875794e-05,6.5320244e-06,256,True,0.0533476840524,0.1434833748613,0,2
30,100000,402.9375,0.2881700536648,0.1247957052492,0.9233958193345,4.96414186e-05,0.2148535065578,256,True,0.1338875260773,6.8644563e-05,0,0
30,100000,432.84375,0.2881700536648,0.1247957052492,0.9233958193345,4.96414186e-05,0.2148535065578,256,True,0.1338875260773,6.8644563e-05,0,1
30,100000,499.54688,0.2881700536648,0.1247957052492,0.9233958193345,4.96414186e-05,0.2148535065578,256,True,0.1338875260773,6.8644563e-05,0,2
31,100000,494.10156,0.4175657556071,0.2559235431942,0.9222580093836,6.36026795e-05,0.0799867293416,256,True,0.0749452965128,3.11187124e-05,0,0
31,100000,447.82812,0.4175657556071,0.2559235431942,0.9222580093836,6.36026795e-05,0.0799867293416,256,True,0.0749452965128,3.11187124e-05,0,1
31,100000,442.20312,0.4175657556071,0.2559235431942,0.9222580093836,6.36026795e-05,0.0799867293416,256,True,0.0749452965128,3.11187124e-05,0,2
0,100000,9.2890625,0.1998336492106,0.4637166378088,0.9762057959196,0.0772100471338,0.1405529938638,512,False,0.2323599434458,0.1405001124367,1,0
0,100000,9.2890625,0.1998336492106,0.4637166378088,0.9762057959196,0.0772100471338,0.1405529938638,512,False,0.2323599434458,0.1405001124367,1,1
0,100000,9.40625,0.1998336492106,0.4637166378088,0.9762057959196,0.0772100471338,0.1405529938638,512,False,0.2323599434458,0.1405001124367,1,2
1,100000,500.0,0.3621673346497,0.2057303264737,0.8997374836911,0.0001700520655,0.9369523506612,128,True,0.4424577453174,0.7633027676493,1,0
1,100000,500.0,0.3621673346497,0.2057303264737,0.8997374836911,0.0001700520655,0.9369523506612,128,True,0.4424577453174,0.7633027676493,1,1
1,100000,500.0,0.3621673346497,0.2057303264737,0.8997374836911,0.0001700520655,0.9369523506612,128,True,0.4424577453174,0.7633027676493,1,2
2,100000,207.51562,0.3828912777826,0.3554452317767,0.9295863018194,0.0011692594039,0.5575378462672,256,False,0.3043617131189,0.6888551143929,1,0
2,100000,500.0,0.3828912777826,0.3554452317767,0.9295863018194,0.0011692594039,0.5575378462672,256,False,0.3043617131189,0.6888551143929,1,1
2,100000,500.0,0.3828912777826,0.3554452317767,0.9295863018194,0.0011692594039,0.5575378462672,256,False,0.3043617131189,0.6888551143929,1,2
3,100000,62.085938,0.0531555698253,0.0972124030814,0.8467836110624,2.5824711e-06,0.2602167669684,512,True,0.0306053105742,0.31556420587,1,0
3,100000,122.07031,0.0531555698253,0.0972124030814,0.8467836110624,2.5824711e-06,0.2602167669684,512,True,0.0306053105742,0.31556420587,1,1
3,100000,160.36719,0.0531555698253,0.0972124030814,0.8467836110624,2.5824711e-06,0.2602167669684,512,True,0.0306053105742,0.31556420587,1,2
4,100000,92.21094,0.0858772955835,0.2689339346252,0.8531398602603,4.5161046e-06,0.3758699987084,256,False,0.3432345706969,0.5137965520844,1,0
4,100000,211.64844,0.0858772955835,0.2689339346252,0.8531398602603,4.5161046e-06,0.3758699987084,256,False,0.3432345706969,0.5137965520844,1,1
4,100000,90.32031,0.0858772955835,0.2689339346252,0.8531398602603,4.5161046e-06,0.3758699987084,256,False,0.3432345706969,0.5137965520844,1,2
5,100000,500.0,0.4780691950582,0.0264324331656,0.9702768225184,0.002048993639,0.6723380163312,128,True,0.1167164640501,0.3870880845934,1,0
5,100000,21.898438,0.4780691950582,0.0264324331656,0.9702768225184,0.002048993639,0.6723380163312,128,True,0.1167164640501,0.3870880845934,1,1
5,100000,500.0,0.4780691950582,0.0264324331656,0.9702768225184,0.002048993639,0.6723380163312,128,True,0.1167164640501,0.3870880845934,1,2
6,100000,229.61719,0.2688202895224,0.4084557243623,0.8002882422634,2.39972947e-05,0.8026208411902,256,False,0.1301182680763,0.0630981950089,1,0
6,100000,413.91406,0.2688202895224,0.4084557243623,0.8002882422634,2.39972947e-05,0.8026208411902,256,False,0.1301182680763,0.0630981950089,1,1
6,100000,214.75781,0.2688202895224,0.4084557243623,0.8002882422634,2.39972947e-05,0.8026208411902,256,False,0.1301182680763,0.0630981950089,1,2
7,100000,17.15625,0.1691872938536,0.1661998014897,0.923582669598,0.0108573426647,0.0053684227169,512,True,0.4196848622523,0.9402949716896,1,0
7,100000,500.0,0.1691872938536,0.1661998014897,0.923582669598,0.0108573426647,0.0053684227169,512,True,0.4196848622523,0.9402949716896,1,1
7,100000,201.39844,0.1691872938536,0.1661998014897,0.923582669598,0.0108573426647,0.0053684227169,512,True,0.4196848622523,0.9402949716896,1,2
8,100000,500.0,0.3891107401538,0.3465111034116,0.8921416451414,0.0002291396614,0.7333095633568,128,True,0.3704998838328,0.8169261388151,1,0
8,100000,500.0,0.3891107401538,0.3465111034116,0.8921416451414,0.0002291396614,0.7333095633568,128,True,0.3704998838328,0.8169261388151,1,1
8,100000,500.0,0.3891107401538,0.3465111034116,0.8921416451414,0.0002291396614,0.7333095633568,128,True,0.3704998838328,0.8169261388151,1,2
9,100000,500.0,0.3967638407766,0.2429573923926,0.8771113396529,0.000167833133,0.9998624519886,128,True,0.4996867288812,0.9998387435868,1,0
9,100000,500.0,0.3967638407766,0.2429573923926,0.8771113396529,0.000167833133,0.9998624519886,128,True,0.4996867288812,0.9998387435868,1,1
9,100000,500.0,0.3967638407766,0.2429573923926,0.8771113396529,0.000167833133,0.9998624519886,128,True,0.4996867288812,0.9998387435868,1,2
10,100000,107.00781,0.1772740913037,0.4136281613308,0.8673336629502,4.8860368e-06,0.918124647925,256,False,0.2104632723446,0.1809236544614,1,0
10,100000,231.02344,0.1772740913037,0.4136281613308,0.8673336629502,4.8860368e-06,0.918124647925,256,False,0.2104632723446,0.1809236544614,1,1
10,100000,115.03125,0.1772740913037,0.4136281613308,0.8673336629502,4.8860368e-06,0.918124647925,256,False,0.2104632723446,0.1809236544614,1,2
11,100000,445.39062,0.3817940831187,0.2901979226398,0.8213680618159,2.08209077e-05,0.8230795255392,128,True,0.4932877597547,0.6892341560832,1,0
11,100000,474.96875,0.3817940831187,0.2901979226398,0.8213680618159,2.08209077e-05,0.8230795255392,128,True,0.4932877597547,0.6892341560832,1,1
11,100000,435.10156,0.3817940831187,0.2901979226398,0.8213680618159,2.08209077e-05,0.8230795255392,128,True,0.4932877597547,0.6892341560832,1,2
12,100000,500.0,0.3766072369757,0.3586533248897,0.9532293663456,0.0004282209855,0.9995713944906,128,True,0.4650138567481,0.9999753767771,1,0
12,100000,500.0,0.3766072369757,0.3586533248897,0.9532293663456,0.0004282209855,0.9995713944906,128,True,0.4650138567481,0.9999753767771,1,1
12,100000,500.0,0.3766072369757,0.3586533248897,0.9532293663456,0.0004282209855,0.9995713944906,128,True,0.4650138567481,0.9999753767771,1,2
13,100000,61.109375,0.3726317619127,0.2751024913199,0.8852688782185,0.0096726711851,0.9968613316074,128,True,0.3640767907931,0.9999172625594,1,0
13,100000,500.0,0.3726317619127,0.2751024913199,0.8852688782185,0.0096726711851,0.9968613316074,128,True,0.3640767907931,0.9999172625594,1,1
13,100000,399.60156,0.3726317619127,0.2751024913199,0.8852688782185,0.0096726711851,0.9968613316074,128,True,0.3640767907931,0.9999172625594,1,2
14,100000,395.08594,0.4031574504345,0.3608412189876,0.9608568141956,9.93149258e-05,0.9138795569195,128,True,0.4999747477043,0.8343489922288,1,0
14,100000,500.0,0.4031574504345,0.3608412189876,0.9608568141956,9.93149258e-05,0.9138795569195,128,True,0.4999747477043,0.8343489922288,1,1
14,100000,427.5625,0.4031574504345,0.3608412189876,0.9608568141956,9.93149258e-05,0.9138795569195,128,True,0.4999747477043,0.8343489922288,1,2
15,100000,500.0,0.3238787545754,0.3680968893662,0.8476588507275,0.000294749113,0.9999093909308,128,True,0.4559931002692,0.9397677567963,1,0
15,100000,500.0,0.3238787545754,0.3680968893662,0.8476588507275,0.000294749113,0.9999093909308,128,True,0.4559931002692,0.9397677567963,1,1
15,100000,500.0,0.3238787545754,0.3680968893662,0.8476588507275,0.000294749113,0.9999093909308,128,True,0.4559931002692,0.9397677567963,1,2
16,100000,500.0,0.4999566823744,0.2312860490312,0.8001283964237,0.0001704575114,0.8898572516516,128,True,0.4997693129025,0.5351964062138,1,0
16,100000,500.0,0.4999566823744,0.2312860490312,0.8001283964237,0.0001704575114,0.8898572516516,128,True,0.4997693129025,0.5351964062138,1,1
16,100000,500.0,0.4999566823744,0.2312860490312,0.8001283964237,0.0001704575114,0.8898572516516,128,True,0.4997693129025,0.5351964062138,1,2
17,100000,500.0,0.4999713880304,0.2097421740618,0.8230131662452,0.0001837427229,0.9992817935047,128,True,0.2555971880268,0.9052618408025,1,0
17,100000,500.0,0.4999713880304,0.2097421740618,0.8230131662452,0.0001837427229,0.9992817935047,128,True,0.2555971880268,0.9052618408025,1,1
17,100000,500.0,0.4999713880304,0.2097421740618,0.8230131662452,0.0001837427229,0.9992817935047,128,True,0.2555971880268,0.9052618408025,1,2
18,100000,500.0,0.499897967993,0.2566710814065,0.8796888851459,0.000374808579,0.9999297083405,128,True,0.4319040052993,0.8405414226052,1,0
18,100000,500.0,0.499897967993,0.2566710814065,0.8796888851459,0.000374808579,0.9999297083405,128,True,0.4319040052993,0.8405414226052,1,1
18,100000,500.0,0.499897967993,0.2566710814065,0.8796888851459,0.000374808579,0.9999297083405,128,True,0.4319040052993,0.8405414226052,1,2
19,100000,500.0,0.3722922934267,0.0989607945832,0.8000275465379,0.000182451184,0.6001620426424,128,True,0.4491604784934,0.9644792656224,1,0
19,100000,500.0,0.3722922934267,0.0989607945832,0.8000275465379,0.000182451184,0.6001620426424,128,True,0.4491604784934,0.9644792656224,1,1
19,100000,500.0,0.3722922934267,0.0989607945832,0.8000275465379,0.000182451184,0.6001620426424,128,True,0.4491604784934,0.9644792656224,1,2
20,100000,500.0,0.4138880301967,0.2035088177502,0.8439535880297,0.00025981725,0.8959378582646,128,False,0.4043848289562,0.9352563292106,1,0
20,100000,500.0,0.4138880301967,0.2035088177502,0.8439535880297,0.00025981725,0.8959378582646,128,False,0.4043848289562,0.9352563292106,1,1
20,100000,500.0,0.4138880301967,0.2035088177502,0.8439535880297,0.00025981725,0.8959378582646,128,False,0.4043848289562,0.9352563292106,1,2
21,100000,500.0,0.316853822328,0.1337624653323,0.8000262995684,0.0001513687822,0.999949672433,128,True,0.4072584434289,0.7551526208878,1,0
21,100000,500.0,0.316853822328,0.1337624653323,0.8000262995684,0.0001513687822,0.999949672433,128,True,0.4072584434289,0.7551526208878,1,1
21,100000,500.0,0.316853822328,0.1337624653323,0.8000262995684,0.0001513687822,0.999949672433,128,True,0.4072584434289,0.7551526208878,1,2
22,100000,500.0,0.1940243137061,0.4286074808907,0.8083474354384,0.0037934757422,0.9533823587481,512,True,0.0365971956372,0.3856226551453,1,0
22,100000,500.0,0.1940243137061,0.4286074808907,0.8083474354384,0.0037934757422,0.9533823587481,512,True,0.0365971956372,0.3856226551453,1,1
22,100000,500.0,0.1940243137061,0.4286074808907,0.8083474354384,0.0037934757422,0.9533823587481,512,True,0.0365971956372,0.3856226551453,1,2
23,100000,485.03125,0.2242597901294,0.4999803691341,0.8000130362996,0.0009457243553,0.9999896400296,512,True,0.014985993997,0.4974824241103,1,0
23,100000,241.51562,0.2242597901294,0.4999803691341,0.8000130362996,0.0009457243553,0.9999896400296,512,True,0.014985993997,0.4974824241103,1,1
23,100000,407.2422,0.2242597901294,0.4999803691341,0.8000130362996,0.0009457243553,0.9999896400296,512,True,0.014985993997,0.4974824241103,1,2
24,100000,500.0,0.1560825223457,0.2044142440977,0.9456726589009,0.0004096200824,0.9999413083187,128,False,0.4999475758368,0.9998387435868,1,0
24,100000,500.0,0.1560825223457,0.2044142440977,0.9456726589009,0.0004096200824,0.9999413083187,128,False,0.4999475758368,0.9998387435868,1,1
24,100000,356.71875,0.1560825223457,0.2044142440977,0.9456726589009,0.0004096200824,0.9999413083187,128,False,0.4999475758368,0.9998387435868,1,2
25,100000,348.51562,0.0981806333582,0.4769580335794,0.8000692016356,0.0047197607492,0.9998799993968,256,True,0.0001775793638,0.1838994201625,1,0
25,100000,227.78906,0.0981806333582,0.4769580335794,0.8000692016356,0.0047197607492,0.9998799993968,256,True,0.0001775793638,0.1838994201625,1,1
25,100000,463.1797,0.0981806333582,0.4769580335794,0.8000692016356,0.0047197607492,0.9998799993968,256,True,0.0001775793638,0.1838994201625,1,2
26,100000,500.0,0.4999713880304,0.0001211662284,0.8000490963203,9.15969173e-05,0.8446791119115,128,False,0.4999646037962,0.7760583875727,1,0
26,100000,171.84375,0.4999713880304,0.0001211662284,0.8000490963203,9.15969173e-05,0.8446791119115,128,False,0.4999646037962,0.7760583875727,1,1
26,100000,500.0,0.4999713880304,0.0001211662284,0.8000490963203,9.15969173e-05,0.8446791119115,128,False,0.4999646037962,0.7760583875727,1,2
27,100000,500.0,0.4999919599939,0.4999379587246,0.8892561422722,0.0004427971411,0.9124368047307,128,False,0.4403721888732,0.9999242526319,1,0
27,100000,500.0,0.4999919599939,0.4999379587246,0.8892561422722,0.0004427971411,0.9124368047307,128,False,0.4403721888732,0.9999242526319,1,1
27,100000,500.0,0.4999919599939,0.4999379587246,0.8892561422722,0.0004427971411,0.9124368047307,128,False,0.4403721888732,0.9999242526319,1,2
28,100000,216.67188,0.4999826449035,0.3802334554738,0.8000341674804,0.0004144261246,0.3967769007836,128,False,0.3984760444097,0.9999287038866,1,0
28,100000,286.65625,0.4999826449035,0.3802334554738,0.8000341674804,0.0004144261246,0.3967769007836,128,False,0.3984760444097,0.9999287038866,1,1
28,100000,500.0,0.4999826449035,0.3802334554738,0.8000341674804,0.0004144261246,0.3967769007836,128,False,0.3984760444097,0.9999287038866,1,2
29,100000,492.59375,0.4716684475614,0.353484662891,0.9270987467337,0.0003252971213,0.9999093909308,128,False,0.3078881791956,0.9999464529709,1,0
29,100000,500.0,0.4716684475614,0.353484662891,0.9270987467337,0.0003252971213,0.9999093909308,128,False,0.3078881791956,0.9999464529709,1,1
29,100000,298.28906,0.4716684475614,0.353484662891,0.9270987467337,0.0003252971213,0.9999093909308,128,False,0.3078881791956,0.9999464529709,1,2
30,100000,500.0,0.3878985830477,0.1764747143468,0.839613261664,0.0002587774924,0.8280362792882,128,True,0.4500219161745,0.9999753767771,1,0
30,100000,500.0,0.3878985830477,0.1764747143468,0.839613261664,0.0002587774924,0.8280362792882,128,True,0.4500219161745,0.9999753767771,1,1
30,100000,500.0,0.3878985830477,0.1764747143468,0.839613261664,0.0002587774924,0.8280362792882,128,True,0.4500219161745,0.9999753767771,1,2
31,100000,500.0,0.4111163878861,0.4166206223667,0.8401329636853,0.0003882895482,0.9999623511585,128,False,0.4999426875541,0.721833635524,1,0
31,100000,500.0,0.4111163878861,0.4166206223667,0.8401329636853,0.0003882895482,0.9999623511585,128,False,0.4999426875541,0.721833635524,1,1
31,100000,476.39844,0.4111163878861,0.4166206223667,0.8401329636853,0.0003882895482,0.9999623511585,128,False,0.4999426875541,0.721833635524,1,2
0,100000,426.26562,0.0569595736451,0.3959595165215,0.8092862870252,4.73717975e-05,0.2166130039841,256,True,0.2199834180064,0.6914959549904,4,0
0,100000,499.77344,0.0569595736451,0.3959595165215,0.8092862870252,4.73717975e-05,0.2166130039841,256,True,0.2199834180064,0.6914959549904,4,1
0,100000,454.73438,0.0569595736451,0.3959595165215,0.8092862870252,4.73717975e-05,0.2166130039841,256,True,0.2199834180064,0.6914959549904,4,2
1,100000,500.0,0.2872335789725,0.0244218730368,0.9444585431488,0.0003913095218,0.8831589287147,256,False,0.3419004124589,0.0007573068142,4,0
1,100000,500.0,0.2872335789725,0.0244218730368,0.9444585431488,0.0003913095218,0.8831589287147,256,False,0.3419004124589,0.0007573068142,4,1
1,100000,500.0,0.2872335789725,0.0244218730368,0.9444585431488,0.0003913095218,0.8831589287147,256,False,0.3419004124589,0.0007573068142,4,2
2,100000,325.1172,0.481820600573,0.3508546235971,0.8677572020624,8.2228503e-06,0.6918355450034,128,True,0.4859779328108,0.4916975526139,4,0
2,100000,434.6172,0.481820600573,0.3508546235971,0.8677572020624,8.2228503e-06,0.6918355450034,128,True,0.4859779328108,0.4916975526139,4,1
2,100000,241.30469,0.481820600573,0.3508546235971,0.8677572020624,8.2228503e-06,0.6918355450034,128,True,0.4859779328108,0.4916975526139,4,2
3,100000,9.2890625,0.2354181157425,0.2296830755658,0.9794950966693,0.0985449900307,0.3924773531035,512,False,0.0771341621876,0.8004706231877,4,0
3,100000,9.2890625,0.2354181157425,0.2296830755658,0.9794950966693,0.0985449900307,0.3924773531035,512,False,0.0771341621876,0.8004706231877,4,1
3,100000,9.40625,0.2354181157425,0.2296830755658,0.9794950966693,0.0985449900307,0.3924773531035,512,False,0.0771341621876,0.8004706231877,4,2
4,100000,500.0,0.1873191930354,0.3124450305477,0.9116289391085,0.0068738448909,0.3388709239662,512,True,0.4137849309482,0.3546430720016,4,0
4,100000,500.0,0.1873191930354,0.3124450305477,0.9116289391085,0.0068738448909,0.3388709239662,512,True,0.4137849309482,0.3546430720016,4,1
4,100000,209.35938,0.1873191930354,0.3124450305477,0.9116289391085,0.0068738448909,0.3388709239662,512,True,0.4137849309482,0.3546430720016,4,2
5,100000,93.875,0.409803527873,0.1753156539053,0.8483628520767,2.572678e-06,0.514243693091,128,False,0.0243503698148,0.9218389941379,4,0
5,100000,163.25781,0.409803527873,0.1753156539053,0.8483628520767,2.572678e-06,0.514243693091,128,False,0.0243503698148,0.9218389941379,4,1
5,100000,118.421875,0.409803527873,0.1753156539053,0.8483628520767,2.572678e-06,0.514243693091,128,False,0.0243503698148,0.9218389941379,4,2
6,100000,478.65625,0.352422343567,0.4509337162599,0.9654122203269,0.0054740985805,0.815184591338,128,True,0.1790174674243,0.5862411484122,4,0
6,100000,500.0,0.352422343567,0.4509337162599,0.9654122203269,0.0054740985805,0.815184591338,128,True,0.1790174674243,0.5862411484122,4,1
6,100000,252.57031,0.352422343567,0.4509337162599,0.9654122203269,0.0054740985805,0.815184591338,128,True,0.1790174674243,0.5862411484122,4,2
7,100000,339.53125,0.1138399294578,0.0641706585884,0.8755932909054,0.0001412231481,0.0226235864684,512,False,0.2578436713666,0.1529487892985,4,0
7,100000,500.0,0.1138399294578,0.0641706585884,0.8755932909054,0.0001412231481,0.0226235864684,512,False,0.2578436713666,0.1529487892985,4,1
7,100000,315.20312,0.1138399294578,0.0641706585884,0.8755932909054,0.0001412231481,0.0226235864684,512,False,0.2578436713666,0.1529487892985,4,2
8,100000,89.453125,0.1774798050355,1.3868314e-06,0.8721274511524,2.7129436e-06,0.8260712150841,256,False,0.4998756471915,7.278772e-07,4,0
8,100000,162.6875,0.1774798050355,1.3868314e-06,0.8721274511524,2.7129436e-06,0.8260712150841,256,False,0.4998756471915,7.278772e-07,4,1
8,100000,179.92969,0.1774798050355,1.3868314e-06,0.8721274511524,2.7129436e-06,0.8260712150841,256,False,0.4998756471915,7.278772e-07,4,2
9,100000,500.0,0.1100924028227,0.0005020536538,0.9240492271818,0.0004751566605,0.4212513022427,256,False,0.4591490786091,0.0004176691463,4,0
9,100000,248.28125,0.1100924028227,0.0005020536538,0.9240492271818,0.0004751566605,0.4212513022427,256,False,0.4591490786091,0.0004176691463,4,1
9,100000,154.02344,0.1100924028227,0.0005020536538,0.9240492271818,0.0004751566605,0.4212513022427,256,False,0.4591490786091,0.0004176691463,4,2
10,100000,81.88281,0.4228430552415,0.0434715187264,0.9618491412171,0.0003684384431,0.9998118060882,256,False,0.2449676467581,0.0010089788115,4,0
10,100000,64.08594,0.4228430552415,0.0434715187264,0.9618491412171,0.0003684384431,0.9998118060882,256,False,0.2449676467581,0.0010089788115,4,1
10,100000,500.0,0.4228430552415,0.0434715187264,0.9618491412171,0.0003684384431,0.9998118060882,256,False,0.2449676467581,0.0010089788115,4,2
11,100000,500.0,0.216308427259,0.0131013579887,0.9337902501749,0.0003949744461,0.7376402095863,256,False,0.3930137424774,0.0009720417,4,0
11,100000,500.0,0.216308427259,0.0131013579887,0.9337902501749,0.0003949744461,0.7376402095863,256,False,0.3930137424774,0.0009720417,4,1
11,100000,500.0,0.216308427259,0.0131013579887,0.9337902501749,0.0003949744461,0.7376402095863,256,False,0.3930137424774,0.0009720417,4,2
12,100000,500.0,0.4108618503384,0.0471895802935,0.9654433521217,0.0003982917493,0.9996822097317,256,False,0.2541924868582,2.42589666e-05,4,0
12,100000,134.72656,0.4108618503384,0.0471895802935,0.9654433521217,0.0003982917493,0.9996822097317,256,False,0.2541924868582,2.42589666e-05,4,1
12,100000,259.2422,0.4108618503384,0.0471895802935,0.9654433521217,0.0003982917493,0.9996822097317,256,False,0.2541924868582,2.42589666e-05,4,2
13,100000,434.92188,0.2569550431511,0.0467222822082,0.9618758405402,0.0004152913565,0.999842564534,256,False,0.4004791825601,3.49417535e-05,4,0
13,100000,500.0,0.2569550431511,0.0467222822082,0.9618758405402,0.0004152913565,0.999842564534,256,False,0.4004791825601,3.49417535e-05,4,1
13,100000,500.0,0.2569550431511,0.0467222822082,0.9618758405402,0.0004152913565,0.999842564534,256,False,0.4004791825601,3.49417535e-05,4,2
14,100000,487.33594,0.2475979696662,0.0001942523345,0.869545178282,0.0003911358844,0.7962335421421,256,False,0.2228203365311,0.0003425311762,4,0
14,100000,500.0,0.2475979696662,0.0001942523345,0.869545178282,0.0003911358844,0.7962335421421,256,False,0.2228203365311,0.0003425311762,4,1
14,100000,392.1875,0.2475979696662,0.0001942523345,0.869545178282,0.0003911358844,0.7962335421421,256,False,0.2228203365311,0.0003425311762,4,2
15,100000,500.0,0.3799273408113,0.0919949070121,0.804005088503,0.0006812129586,0.0776657577922,128,False,0.48274675219,0.0461377864601,4,0
15,100000,500.0,0.3799273408113,0.0919949070121,0.804005088503,0.0006812129586,0.0776657577922,128,False,0.48274675219,0.0461377864601,4,1
15,100000,500.0,0.3799273408113,0.0919949070121,0.804005088503,0.0006812129586,0.0776657577922,128,False,0.48274675219,0.0461377864601,4,2
16,100000,500.0,0.2480755025659,0.0001953479696,0.9861619671991,0.0003743070991,0.6295643955043,256,False,0.4997777963739,0.0034210262715,4,0
16,100000,500.0,0.2480755025659,0.0001953479696,0.9861619671991,0.0003743070991,0.6295643955043,256,False,0.4997777963739,0.0034210262715,4,1
16,100000,500.0,0.2480755025659,0.0001953479696,0.9861619671991,0.0003743070991,0.6295643955043,256,False,0.4997777963739,0.0034210262715,4,2
17,100000,408.57812,0.2535694165749,0.0134238966152,0.9536047405464,0.0003879241253,0.7441463105184,128,False,0.3987132255005,0.0015828056218,4,0
17,100000,452.5703,0.2535694165749,0.0134238966152,0.9536047405464,0.0003879241253,0.7441463105184,128,False,0.3987132255005,0.0015828056218,4,1
17,100000,500.0,0.2535694165749,0.0134238966152,0.9536047405464,0.0003879241253,0.7441463105184,128,False,0.3987132255005,0.0015828056218,4,2
18,100000,369.22656,0.2227790876998,0.0452382724987,0.9998716746497,0.0003725518392,0.9820834813415,256,False,0.2966950806929,0.0003495851202,4,0
18,100000,376.45312,0.2227790876998,0.0452382724987,0.9998716746497,0.0003725518392,0.9820834813415,256,False,0.2966950806929,0.0003495851202,4,1
18,100000,456.1328,0.2227790876998,0.0452382724987,0.9998716746497,0.0003725518392,0.9820834813415,256,False,0.2966950806929,0.0003495851202,4,2
19,100000,494.21094,0.2705887440815,4.99928593e-05,0.917022466896,0.0003990422304,0.5728382990794,256,False,0.4994404141436,0.0019207628383,4,0
19,100000,500.0,0.2705887440815,4.99928593e-05,0.917022466896,0.0003990422304,0.5728382990794,256,False,0.4994404141436,0.0019207628383,4,1
19,100000,500.0,0.2705887440815,4.99928593e-05,0.917022466896,0.0003990422304,0.5728382990794,256,False,0.4994404141436,0.0019207628383,4,2
20,100000,209.65625,0.2688273085839,0.0002018137676,0.9461624574928,0.000402077281,0.7634005738835,256,True,0.4446276146223,0.0022250423314,4,0
20,100000,141.22656,0.2688273085839,0.0002018137676,0.9461624574928,0.000402077281,0.7634005738835,256,True,0.4446276146223,0.0022250423314,4,1
20,100000,500.0,0.2688273085839,0.0002018137676,0.9461624574928,0.000402077281,0.7634005738835,256,True,0.4446276146223,0.0022250423314,4,2
21,100000,500.0,0.2685797574856,6.49336744e-05,0.9481803030482,0.0004014589808,0.7629734446135,256,False,0.4491596630572,0.0028967043257,4,0
21,100000,500.0,0.2685797574856,6.49336744e-05,0.9481803030482,0.0004014589808,0.7629734446135,256,False,0.4491596630572,0.0028967043257,4,1
21,100000,120.390625,0.2685797574856,6.49336744e-05,0.9481803030482,0.0004014589808,0.7629734446135,256,False,0.4491596630572,0.0028967043257,4,2
22,100000,497.35156,0.229309319302,0.0178829572728,0.9998757197588,0.0003492071077,0.5603237062519,256,False,0.4999477176641,0.0022359568665,4,0
22,100000,481.48438,0.229309319302,0.0178829572728,0.9998757197588,0.0003492071077,0.5603237062519,256,False,0.4999477176641,0.0022359568665,4,1
22,100000,331.48438,0.229309319302,0.0178829572728,0.9998757197588,0.0003492071077,0.5603237062519,256,False,0.4999477176641,0.0022359568665,4,2
23,100000,40.304688,0.2446847303195,0.0353326576938,0.9320719361105,0.0004007370445,0.8952953184972,256,False,0.3675023787643,5.82302059e-05,4,0
23,100000,388.89062,0.2446847303195,0.0353326576938,0.9320719361105,0.0004007370445,0.8952953184972,256,False,0.3675023787643,5.82302059e-05,4,1
23,100000,309.625,0.2446847303195,0.0353326576938,0.9320719361105,0.0004007370445,0.8952953184972,256,False,0.3675023787643,5.82302059e-05,4,2
24,100000,483.91406,0.2348623650863,0.3246525729765,0.8532534907461,8.96347373e-05,0.2366835173451,128,False,0.2703484072251,0.6010757669538,4,0
24,100000,428.0547,0.2348623650863,0.3246525729765,0.8532534907461,8.96347373e-05,0.2366835173451,128,False,0.2703484072251,0.6010757669538,4,1
24,100000,349.14062,0.2348623650863,0.3246525729765,0.8532534907461,8.96347373e-05,0.2366835173451,128,False,0.2703484072251,0.6010757669538,4,2
25,100000,500.0,0.3498744439203,0.0001835742492,0.9652860772163,0.000581745259,0.9988743830351,256,False,0.4977815785758,0.0161698089642,4,0
25,100000,439.3672,0.3498744439203,0.0001835742492,0.9652860772163,0.000581745259,0.9988743830351,256,False,0.4977815785758,0.0161698089642,4,1
25,100000,500.0,0.3498744439203,0.0001835742492,0.9652860772163,0.000581745259,0.9988743830351,256,False,0.4977815785758,0.0161698089642,4,2
26,100000,277.0625,0.0350245794681,0.1708208025619,0.8576993163599,0.0142631911853,0.8826925545003,128,False,0.0923960537084,0.7425941564517,4,0
26,100000,432.2578,0.0350245794681,0.1708208025619,0.8576993163599,0.0142631911853,0.8826925545003,128,False,0.0923960537084,0.7425941564517,4,1
26,100000,500.0,0.0350245794681,0.1708208025619,0.8576993163599,0.0142631911853,0.8826925545003,128,False,0.0923960537084,0.7425941564517,4,2
27,100000,499.66406,0.0234889194964,0.0206431044261,0.8640620589683,0.0004470151821,0.7662350391141,256,False,0.3977164448957,0.000476410018,4,0
27,100000,500.0,0.0234889194964,0.0206431044261,0.8640620589683,0.0004470151821,0.7662350391141,256,False,0.3977164448957,0.000476410018,4,1
27,100000,500.0,0.0234889194964,0.0206431044261,0.8640620589683,0.0004470151821,0.7662350391141,256,False,0.3977164448957,0.000476410018,4,2
28,100000,498.5,0.3776004901617,0.0162073530925,0.8494483803906,0.0004329757977,0.981415555539,256,False,0.3974006262136,0.1628537835638,4,0
28,100000,500.0,0.3776004901617,0.0162073530925,0.8494483803906,0.0004329757977,0.981415555539,256,False,0.3974006262136,0.1628537835638,4,1
28,100000,500.0,0.3776004901617,0.0162073530925,0.8494483803906,0.0004329757977,0.981415555539,256,False,0.3974006262136,0.1628537835638,4,2
29,100000,394.40625,0.186749979801,0.0181547434216,0.90133143921,0.0001795421636,0.9196513515522,256,False,0.3972620147599,0.1139226528192,4,0
29,100000,412.4922,0.186749979801,0.0181547434216,0.90133143921,0.0001795421636,0.9196513515522,256,False,0.3972620147599,0.1139226528192,4,1
29,100000,500.0,0.186749979801,0.0181547434216,0.90133143921,0.0001795421636,0.9196513515522,256,False,0.3972620147599,0.1139226528192,4,2
30,100000,263.28906,0.2496916389453,0.0199068293549,0.911050044641,0.0009029450422,0.7452645979079,256,False,0.3965261361211,0.0001684321137,4,0
30,100000,500.0,0.2496916389453,0.0199068293549,0.911050044641,0.0009029450422,0.7452645979079,256,False,0.3965261361211,0.0001684321137,4,1
30,100000,500.0,0.2496916389453,0.0199068293549,0.911050044641,0.0009029450422,0.7452645979079,256,False,0.3965261361211,0.0001684321137,4,2
31,100000,133.38281,0.2752802270636,0.0342004948287,0.8423646061295,0.0003698821205,0.4901026324323,256,False,0.3955488992456,2.741095e-07,4,0
31,100000,124.625,0.2752802270636,0.0342004948287,0.8423646061295,0.0003698821205,0.4901026324323,256,False,0.3955488992456,2.741095e-07,4,1
31,100000,152.34375,0.2752802270636,0.0342004948287,0.8423646061295,0.0003698821205,0.4901026324323,256,False,0.3955488992456,2.741095e-07,4,2
0,100000,434.9922,0.3718203501776,0.1719984030351,0.8636310821711,0.0001771933565,0.2947923121974,256,False,0.3038870375603,0.2481671376154,3,0
0,100000,321.75,0.3718203501776,0.1719984030351,0.8636310821711,0.0001771933565,0.2947923121974,256,False,0.3038870375603,0.2481671376154,3,1
0,100000,500.0,0.3718203501776,0.1719984030351,0.8636310821711,0.0001771933565,0.2947923121974,256,False,0.3038870375603,0.2481671376154,3,2
1,100000,500.0,0.2339147366583,0.3287235521711,0.9177255233502,0.0010032387695,0.8806218663231,128,True,0.2021626732312,0.9264103583992,3,0
1,100000,500.0,0.2339147366583,0.3287235521711,0.9177255233502,0.0010032387695,0.8806218663231,128,True,0.2021626732312,0.9264103583992,3,1
1,100000,500.0,0.2339147366583,0.3287235521711,0.9177255233502,0.0010032387695,0.8806218663231,128,True,0.2021626732312,0.9264103583992,3,2
2,100000,99.484375,0.0713136731647,0.0441874009557,0.8371880689821,3.2536859e-06,0.6929326755926,128,False,0.0114393020049,0.6780711831525,3,0
2,100000,203.21094,0.0713136731647,0.0441874009557,0.8371880689821,3.2536859e-06,0.6929326755926,128,False,0.0114393020049,0.6780711831525,3,1
2,100000,98.14844,0.0713136731647,0.0441874009557,0.8371880689821,3.2536859e-06,0.6929326755926,128,False,0.0114393020049,0.6780711831525,3,2
3,100000,9.2890625,0.4631321807392,0.4506980041042,0.9812612870766,0.0498837642598,0.1069929683581,512,True,0.4878966235556,0.4969602618366,3,0
3,100000,48.890625,0.4631321807392,0.4506980041042,0.9812612870766,0.0498837642598,0.1069929683581,512,True,0.4878966235556,0.4969602618366,3,1
3,100000,9.4453125,0.4631321807392,0.4506980041042,0.9812612870766,0.0498837642598,0.1069929683581,512,True,0.4878966235556,0.4969602618366,3,2
4,100000,9.4453125,0.4058204237372,0.1103687472641,0.9383767941599,0.0062178840437,0.2303294669837,256,False,0.0821824208833,0.5661489609629,3,0
4,100000,500.0,0.4058204237372,0.1103687472641,0.9383767941599,0.0062178840437,0.2303294669837,256,False,0.0821824208833,0.5661489609629,3,1
4,100000,500.0,0.4058204237372,0.1103687472641,0.9383767941599,0.0062178840437,0.2303294669837,256,False,0.0821824208833,0.5661489609629,3,2
5,100000,166.25,0.0124140186235,0.3923041834496,0.8925667825401,6.196491e-06,0.5661803595722,128,True,0.4180076466873,0.2588191302493,3,0
5,100000,274.17188,0.0124140186235,0.3923041834496,0.8925667825401,6.196491e-06,0.5661803595722,128,True,0.4180076466873,0.2588191302493,3,1
5,100000,249.66406,0.0124140186235,0.3923041834496,0.8925667825401,6.196491e-06,0.5661803595722,128,True,0.4180076466873,0.2588191302493,3,2
6,100000,500.0,0.1662270040251,0.2305743466131,0.9622938340289,0.0021966468142,0.7534992899746,256,False,0.3522919355892,0.011700656265,3,0
6,100000,317.48438,0.1662270040251,0.2305743466131,0.9622938340289,0.0021966468142,0.7534992899746,256,False,0.3522919355892,0.011700656265,3,1
6,100000,500.0,0.1662270040251,0.2305743466131,0.9622938340289,0.0021966468142,0.7534992899746,256,False,0.3522919355892,0.011700656265,3,2
7,100000,192.04688,0.3057185481302,0.262356268242,0.8065687295757,1.91706449e-05,0.4175220318139,512,True,0.141184406355,0.8137213839218,3,0
7,100000,349.875,0.3057185481302,0.262356268242,0.8065687295757,1.91706449e-05,0.4175220318139,512,True,0.141184406355,0.8137213839218,3,1
7,100000,214.53125,0.3057185481302,0.262356268242,0.8065687295757,1.91706449e-05,0.4175220318139,512,True,0.141184406355,0.8137213839218,3,2
8,100000,107.17969,0.3789706912869,0.2867480562461,0.9352075147835,0.0261173815378,0.9999123074293,128,True,0.055779268251,0.9999920180847,3,0
8,100000,149.03125,0.3789706912869,0.2867480562461,0.9352075147835,0.0261173815378,0.9999123074293,128,True,0.055779268251,0.9999920180847,3,1
8,100000,245.21875,0.3789706912869,0.2867480562461,0.9352075147835,0.0261173815378,0.9999123074293,128,True,0.055779268251,0.9999920180847,3,2
9,100000,500.0,0.2042035819293,0.3387636639999,0.913705628575,0.0004898186992,0.8662556601543,128,True,0.2305119409399,0.9576674305849,3,0
9,100000,500.0,0.2042035819293,0.3387636639999,0.913705628575,0.0004898186992,0.8662556601543,128,True,0.2305119409399,0.9576674305849,3,1
9,100000,500.0,0.2042035819293,0.3387636639999,0.913705628575,0.0004898186992,0.8662556601543,128,True,0.2305119409399,0.9576674305849,3,2
10,100000,89.25781,0.3447729063258,0.259932282012,0.9401294524008,0.0146473034519,0.8928661772367,128,True,0.2275139912713,0.622300632341,3,0
10,100000,250.90625,0.3447729063258,0.259932282012,0.9401294524008,0.0146473034519,0.8928661772367,128,True,0.2275139912713,0.622300632341,3,1
10,100000,344.1172,0.3447729063258,0.259932282012,0.9401294524008,0.0146473034519,0.8928661772367,128,True,0.2275139912713,0.622300632341,3,2
11,100000,290.0625,0.1103109981187,0.3868016572623,0.8921637864091,0.0006673802412,0.800945933474,128,True,0.0648135499658,0.6752327654087,3,0
11,100000,339.5,0.1103109981187,0.3868016572623,0.8921637864091,0.0006673802412,0.800945933474,128,True,0.0648135499658,0.6752327654087,3,1
11,100000,477.25,0.1103109981187,0.3868016572623,0.8921637864091,0.0006673802412,0.800945933474,128,True,0.0648135499658,0.6752327654087,3,2
12,100000,452.1172,0.2181062934567,0.4284594824704,0.9052241039636,3.05994285e-05,0.9969325746561,128,True,0.0496618271272,0.9997683488754,3,0
12,100000,452.42188,0.2181062934567,0.4284594824704,0.9052241039636,3.05994285e-05,0.9969325746561,128,True,0.0496618271272,0.9997683488754,3,1
12,100000,436.75,0.2181062934567,0.4284594824704,0.9052241039636,3.05994285e-05,0.9969325746561,128,True,0.0496618271272,0.9997683488754,3,2
13,100000,9.4453125,0.2080534305312,0.2410918405989,0.9125695666582,0.0998598484751,0.8168705952321,128,True,0.1992293995739,0.9998108887162,3,0
13,100000,9.3125,0.2080534305312,0.2410918405989,0.9125695666582,0.0998598484751,0.8168705952321,128,True,0.1992293995739,0.9998108887162,3,1
13,100000,9.4453125,0.2080534305312,0.2410918405989,0.9125695666582,0.0998598484751,0.8168705952321,128,True,0.1992293995739,0.9998108887162,3,2
14,100000,500.0,0.3386291731592,0.3324437841757,0.9341397227988,0.0003695115877,0.9995420915246,128,True,0.2078558579182,0.9999016617362,3,0
14,100000,500.0,0.3386291731592,0.3324437841757,0.9341397227988,0.0003695115877,0.9995420915246,128,True,0.2078558579182,0.9999016617362,3,1
14,100000,242.75,0.3386291731592,0.3324437841757,0.9341397227988,0.0003695115877,0.9995420915246,128,True,0.2078558579182,0.9999016617362,3,2
15,100000,500.0,0.2416275848035,0.2833042702157,0.9241431968319,0.0004823430724,0.4446144359562,128,True,0.1689787757041,0.9999464248489,3,0
15,100000,500.0,0.2416275848035,0.2833042702157,0.9241431968319,0.0004823430724,0.4446144359562,128,True,0.1689787757041,0.9999464248489,3,1
15,100000,500.0,0.2416275848035,0.2833042702157,0.9241431968319,0.0004823430724,0.4446144359562,128,True,0.1689787757041,0.9999464248489,3,2
16,100000,449.64844,0.0585899651588,0.039696033032,0.9241805605914,7.74983705e-05,0.958175894724,128,True,0.4088883468736,0.5883876882394,3,0
16,100000,473.0625,0.0585899651588,0.039696033032,0.9241805605914,7.74983705e-05,0.958175894724,128,True,0.4088883468736,0.5883876882394,3,1
16,100000,426.5,0.0585899651588,0.039696033032,0.9241805605914,7.74983705e-05,0.958175894724,128,True,0.4088883468736,0.5883876882394,3,2
17,100000,500.0,0.1723671101744,0.1352198693804,0.9292228427983,0.000609582829,0.713094227185,128,True,0.3443001181451,0.9999231154406,3,0
17,100000,500.0,0.1723671101744,0.1352198693804,0.9292228427983,0.000609582829,0.713094227185,128,True,0.3443001181451,0.9999231154406,3,1
17,100000,500.0,0.1723671101744,0.1352198693804,0.9292228427983,0.000609582829,0.713094227185,128,True,0.3443001181451,0.9999231154406,3,2
18,100000,105.03125,0.4290490125158,0.2329137109097,0.8785462858144,2.2939541e-06,0.8780697254706,256,False,0.0997984915042,0.0476697817194,3,0
18,100000,150.17969,0.4290490125158,0.2329137109097,0.8785462858144,2.2939541e-06,0.8780697254706,256,False,0.0997984915042,0.0476697817194,3,1
18,100000,128.28906,0.4290490125158,0.2329137109097,0.8785462858144,2.2939541e-06,0.8780697254706,256,False,0.0997984915042,0.0476697817194,3,2
19,100000,500.0,0.1839520826815,0.2916014990698,0.9153322588825,0.0007191345401,0.5444757252733,128,True,0.380472582179,0.9999361177985,3,0
19,100000,500.0,0.1839520826815,0.2916014990698,0.9153322588825,0.0007191345401,0.5444757252733,128,True,0.380472582179,0.9999361177985,3,1
19,100000,171.16406,0.1839520826815,0.2916014990698,0.9153322588825,0.0007191345401,0.5444757252733,128,True,0.380472582179,0.9999361177985,3,2
20,100000,500.0,0.1046149932955,0.065347571585,0.9315210728529,0.0005678830034,0.7630108774662,128,True,0.2436467018175,0.9852652246495,3,0
20,100000,500.0,0.1046149932955,0.065347571585,0.9315210728529,0.0005678830034,0.7630108774662,128,True,0.2436467018175,0.9852652246495,3,1
20,100000,500.0,0.1046149932955,0.065347571585,0.9315210728529,0.0005678830034,0.7630108774662,128,True,0.2436467018175,0.9852652246495,3,2
21,100000,500.0,0.1990928484311,0.1357670522265,0.9302913103262,0.0003990595042,0.896735154051,128,True,0.1216990873788,0.9245104009894,3,0
21,100000,500.0,0.1990928484311,0.1357670522265,0.9302913103262,0.0003990595042,0.896735154051,128,True,0.1216990873788,0.9245104009894,3,1
21,100000,500.0,0.1990928484311,0.1357670522265,0.9302913103262,0.0003990595042,0.896735154051,128,True,0.1216990873788,0.9245104009894,3,2
22,100000,500.0,0.2448920733625,0.1868366763389,0.9222849527929,0.0004164665701,0.6801329231624,128,True,0.0730249655482,0.8792106499271,3,0
22,100000,500.0,0.2448920733625,0.1868366763389,0.9222849527929,0.0004164665701,0.6801329231624,128,True,0.0730249655482,0.8792106499271,3,1
22,100000,500.0,0.2448920733625,0.1868366763389,0.9222849527929,0.0004164665701,0.6801329231624,128,True,0.0730249655482,0.8792106499271,3,2
23,100000,189.10938,0.1845837204107,0.2199761095902,0.925751780737,0.000596814918,0.8541222237546,128,False,0.2084397540252,0.888369912079,3,0
23,100000,500.0,0.1845837204107,0.2199761095902,0.925751780737,0.000596814918,0.8541222237546,128,False,0.2084397540252,0.888369912079,3,1
23,100000,290.09375,0.1845837204107,0.2199761095902,0.925751780737,0.000596814918,0.8541222237546,128,False,0.2084397540252,0.888369912079,3,2
24,100000,116.72656,0.1804800945595,0.0787926417832,0.8363162470474,1.79936384e-05,0.7348491762374,256,True,0.2264044531518,0.1883262397238,3,0
24,100000,152.50781,0.1804800945595,0.0787926417832,0.8363162470474,1.79936384e-05,0.7348491762374,256,True,0.2264044531518,0.1883262397238,3,1
24,100000,158.49219,0.1804800945595,0.0787926417832,0.8363162470474,1.79936384e-05,0.7348491762374,256,True,0.2264044531518,0.1883262397238,3,2
25,100000,500.0,0.1671952345006,0.2670350452238,0.9229125626774,0.000509701867,0.8714172656381,128,True,0.1650835962077,0.9941307225314,3,0
25,100000,500.0,0.1671952345006,0.2670350452238,0.9229125626774,0.000509701867,0.8714172656381,128,True,0.1650835962077,0.9941307225314,3,1
25,100000,500.0,0.1671952345006,0.2670350452238,0.9229125626774,0.000509701867,0.8714172656381,128,True,0.1650835962077,0.9941307225314,3,2
26,100000,500.0,0.1947005438615,0.0060352634715,0.9324993878617,0.0004543879115,0.8452535062816,128,True,0.2923197303053,0.8410741755266,3,0
26,100000,500.0,0.1947005438615,0.0060352634715,0.9324993878617,0.0004543879115,0.8452535062816,128,True,0.2923197303053,0.8410741755266,3,1
26,100000,500.0,0.1947005438615,0.0060352634715,0.9324993878617,0.0004543879115,0.8452535062816,128,True,0.2923197303053,0.8410741755266,3,2
27,100000,500.0,0.1671921898151,0.0922631027391,0.9541666426338,0.0002579295541,0.5128499019845,128,True,0.1953392347057,0.9999914531298,3,0
27,100000,500.0,0.1671921898151,0.0922631027391,0.9541666426338,0.0002579295541,0.5128499019845,128,True,0.1953392347057,0.9999914531298,3,1
27,100000,500.0,0.1671921898151,0.0922631027391,0.9541666426338,0.0002579295541,0.5128499019845,128,True,0.1953392347057,0.9999914531298,3,2
28,100000,500.0,0.1110866781027,0.0367847016702,0.9998718271349,0.0003281277381,0.9999342643859,128,True,0.3643067930309,0.999946440979,3,0
28,100000,500.0,0.1110866781027,0.0367847016702,0.9998718271349,0.0003281277381,0.9999342643859,128,True,0.3643067930309,0.999946440979,3,1
28,100000,500.0,0.1110866781027,0.0367847016702,0.9998718271349,0.0003281277381,0.9999342643859,128,True,0.3643067930309,0.999946440979,3,2
29,100000,500.0,0.2092033295212,0.1542449222072,0.9357539234693,0.0005895862207,0.7881483763599,128,True,0.2166907051046,0.9999464248489,3,0
29,100000,500.0,0.2092033295212,0.1542449222072,0.9357539234693,0.0005895862207,0.7881483763599,128,True,0.2166907051046,0.9999464248489,3,1
29,100000,500.0,0.2092033295212,0.1542449222072,0.9357539234693,0.0005895862207,0.7881483763599,128,True,0.2166907051046,0.9999464248489,3,2
30,100000,500.0,0.1217113810078,7.96386672e-05,0.8989292198757,0.0003333032615,0.9963205089669,128,True,0.4029701504341,0.9999914531298,3,0
30,100000,500.0,0.1217113810078,7.96386672e-05,0.8989292198757,0.0003333032615,0.9963205089669,128,True,0.4029701504341,0.9999914531298,3,1
30,100000,500.0,0.1217113810078,7.96386672e-05,0.8989292198757,0.0003333032615,0.9963205089669,128,True,0.4029701504341,0.9999914531298,3,2
31,100000,189.65625,0.2488568812639,0.4121305503685,0.9597242306965,0.0003091344186,0.6031156076551,128,True,7.88741312e-05,0.9999464248489,3,0
31,100000,395.82812,0.2488568812639,0.4121305503685,0.9597242306965,0.0003091344186,0.6031156076551,128,True,7.88741312e-05,0.9999464248489,3,1
31,100000,425.65625,0.2488568812639,0.4121305503685,0.9597242306965,0.0003091344186,0.6031156076551,128,True,7.88741312e-05,0.9999464248489,3,2
0,100000,476.10938,0.3463655929081,0.0017277835868,0.975334884516,1.88247674e-05,0.3872142974287,128,False,0.4347789660096,0.745772279799,2,0
0,100000,314.3203,0.3463655929081,0.0017277835868,0.975334884516,1.88247674e-05,0.3872142974287,128,False,0.4347789660096,0.745772279799,2,1
0,100000,200.125,0.3463655929081,0.0017277835868,0.975334884516,1.88247674e-05,0.3872142974287,128,False,0.4347789660096,0.745772279799,2,2
1,100000,500.0,0.0592330386862,0.3600528608076,0.8561010004372,0.0007053431759,0.507224470377,512,True,0.1187724038027,0.0903795966879,2,0
1,100000,500.0,0.0592330386862,0.3600528608076,0.8561010004372,0.0007053431759,0.507224470377,512,True,0.1187724038027,0.0903795966879,2,1
1,100000,499.9922,0.0592330386862,0.3600528608076,0.8561010004372,0.0007053431759,0.507224470377,512,True,0.1187724038027,0.0903795966879,2,2
2,100000,134.78125,0.1998102115467,0.1449866145849,0.9016390512257,3.4027936e-06,0.7995025459677,512,False,0.1951030357741,0.3839582437649,2,0
2,100000,180.1875,0.1998102115467,0.1449866145849,0.9016390512257,3.4027936e-06,0.7995025459677,512,False,0.1951030357741,0.3839582437649,2,1
2,100000,141.73438,0.1998102115467,0.1449866145849,0.9016390512257,3.4027936e-06,0.7995025459677,512,False,0.1951030357741,0.3839582437649,2,2
3,100000,320.4375,0.3931319839321,0.473640454933,0.8292687872227,0.0094991485932,0.180988162756,256,True,0.2532991841435,0.7949661463499,2,0
3,100000,183.54688,0.3931319839321,0.473640454933,0.8292687872227,0.0094991485932,0.180988162756,256,True,0.2532991841435,0.7949661463499,2,1
3,100000,500.0,0.3931319839321,0.473640454933,0.8292687872227,0.0094991485932,0.180988162756,256,True,0.2532991841435,0.7949661463499,2,2
4,100000,10.859375,0.4944133157842,0.2292977855541,0.8955442914635,0.0388981008444,0.1010846942663,128,False,0.1279497649521,0.3325907159597,2,0
4,100000,440.60938,0.4944133157842,0.2292977855541,0.8955442914635,0.0388981008444,0.1010846942663,128,False,0.1279497649521,0.3325907159597,2,1
4,100000,9.40625,0.4944133157842,0.2292977855541,0.8955442914635,0.0388981008444,0.1010846942663,128,False,0.1279497649521,0.3325907159597,2,2
5,100000,435.22656,0.1604510461912,0.4020703737624,0.9725996059711,1.45751269e-05,0.9808597955853,256,True,0.3199941064231,0.9879967523739,2,0
5,100000,393.82812,0.1604510461912,0.4020703737624,0.9725996059711,1.45751269e-05,0.9808597955853,256,True,0.3199941064231,0.9879967523739,2,1
5,100000,435.26562,0.1604510461912,0.4020703737624,0.9725996059711,1.45751269e-05,0.9808597955853,256,True,0.3199941064231,0.9879967523739,2,2
6,100000,500.0,0.082465630956,0.1245068823919,0.8194981628721,0.002929456285,0.7125990837812,512,False,0.494121178519,0.5371905891225,2,0
6,100000,500.0,0.082465630956,0.1245068823919,0.8194981628721,0.002929456285,0.7125990837812,512,False,0.494121178519,0.5371905891225,2,1
6,100000,500.0,0.082465630956,0.1245068823919,0.8194981628721,0.002929456285,0.7125990837812,512,False,0.494121178519,0.5371905891225,2,2
7,100000,419.64844,0.2602382055484,0.2637172425166,0.9496641630949,8.17799505e-05,0.3304126057774,256,True,0.0598876085132,0.1261693332344,2,0
7,100000,500.0,0.2602382055484,0.2637172425166,0.9496641630949,8.17799505e-05,0.3304126057774,256,True,0.0598876085132,0.1261693332344,2,1
7,100000,349.21875,0.2602382055484,0.2637172425166,0.9496641630949,8.17799505e-05,0.3304126057774,256,True,0.0598876085132,0.1261693332344,2,2
8,100000,500.0,0.0004214616581,0.4236022539373,0.8903294384595,0.0221215823125,0.5535274510206,512,True,0.0689767896716,0.0620939183752,2,0
8,100000,500.0,0.0004214616581,0.4236022539373,0.8903294384595,0.0221215823125,0.5535274510206,512,True,0.0689767896716,0.0620939183752,2,1
8,100000,498.52344,0.0004214616581,0.4236022539373,0.8903294384595,0.0221215823125,0.5535274510206,512,True,0.0689767896716,0.0620939183752,2,2
9,100000,500.0,0.2799280772663,0.0909983366424,0.8748817237426,0.0115477911531,0.9709800900717,128,False,0.278881559034,0.3081285488693,2,0
9,100000,500.0,0.2799280772663,0.0909983366424,0.8748817237426,0.0115477911531,0.9709800900717,128,False,0.278881559034,0.3081285488693,2,1
9,100000,354.96875,0.2799280772663,0.0909983366424,0.8748817237426,0.0115477911531,0.9709800900717,128,False,0.278881559034,0.3081285488693,2,2
10,100000,498.6328,0.0625651207348,0.3299292838227,0.8654641852266,0.0001081708934,0.6876322067315,512,True,0.0963314732098,0.0296575698969,2,0
10,100000,204.71094,0.0625651207348,0.3299292838227,0.8654641852266,0.0001081708934,0.6876322067315,512,True,0.0963314732098,0.0296575698969,2,1
10,100000,387.45312,0.0625651207348,0.3299292838227,0.8654641852266,0.0001081708934,0.6876322067315,512,True,0.0963314732098,0.0296575698969,2,2
11,100000,25.882812,7.75583233e-05,0.4438700082347,0.8888546634654,0.0737145691988,0.4709794125831,512,True,0.0755300505596,0.0890114108521,2,0
11,100000,9.2890625,7.75583233e-05,0.4438700082347,0.8888546634654,0.0737145691988,0.4709794125831,512,True,0.0755300505596,0.0890114108521,2,1
11,100000,9.40625,7.75583233e-05,0.4438700082347,0.8888546634654,0.0737145691988,0.4709794125831,512,True,0.0755300505596,0.0890114108521,2,2
12,100000,500.0,0.082465630956,0.0972083205874,0.8194981628721,0.002929456285,0.70964641854,512,False,0.494121178519,0.5209990004661,2,0
12,100000,500.0,0.082465630956,0.0972083205874,0.8194981628721,0.002929456285,0.70964641854,512,False,0.494121178519,0.5209990004661,2,1
12,100000,499.89844,0.082465630956,0.0972083205874,0.8194981628721,0.002929456285,0.70964641854,512,False,0.494121178519,0.5209990004661,2,2
13,100000,500.0,0.1464191225029,0.3606954976309,0.9212740231495,0.0007090521991,0.2140318050476,512,True,0.184906571088,0.0633338426177,2,0
13,100000,500.0,0.1464191225029,0.3606954976309,0.9212740231495,0.0007090521991,0.2140318050476,512,True,0.184906571088,0.0633338426177,2,1
13,100000,500.0,0.1464191225029,0.3606954976309,0.9212740231495,0.0007090521991,0.2140318050476,512,True,0.184906571088,0.0633338426177,2,2
14,100000,500.0,0.1083904886953,0.2537080742999,0.891538100009,0.0007986511527,0.3964916467946,512,True,0.1272861815662,0.4182840256509,2,0
14,100000,500.0,0.1083904886953,0.2537080742999,0.891538100009,0.0007986511527,0.3964916467946,512,True,0.1272861815662,0.4182840256509,2,1
14,100000,500.0,0.1083904886953,0.2537080742999,0.891538100009,0.0007986511527,0.3964916467946,512,True,0.1272861815662,0.4182840256509,2,2
15,100000,500.0,0.055257386372,0.4996612022739,0.884036400359,0.0008753246101,0.5095070131245,512,True,0.3636646097831,0.0009446248358,2,0
15,100000,499.3828,0.055257386372,0.4996612022739,0.884036400359,0.0008753246101,0.5095070131245,512,True,0.3636646097831,0.0009446248358,2,1
15,100000,290.83594,0.055257386372,0.4996612022739,0.884036400359,0.0008753246101,0.5095070131245,512,True,0.3636646097831,0.0009446248358,2,2
16,100000,452.53125,0.1501282446605,0.1383077583936,0.8970653922947,0.0006091288377,0.2655355008398,512,True,0.0002989344316,0.47927999548,2,0
16,100000,500.0,0.1501282446605,0.1383077583936,0.8970653922947,0.0006091288377,0.2655355008398,512,True,0.0002989344316,0.47927999548,2,1
16,100000,500.0,0.1501282446605,0.1383077583936,0.8970653922947,0.0006091288377,0.2655355008398,512,True,0.0002989344316,0.47927999548,2,2
17,100000,110.609375,0.2640910855104,0.2037861490356,0.8151688797694,0.0007649519088,0.0008039113442,512,True,8.2265537e-05,5.8017259e-05,2,0
17,100000,466.60156,0.2640910855104,0.2037861490356,0.8151688797694,0.0007649519088,0.0008039113442,512,True,8.2265537e-05,5.8017259e-05,2,1
17,100000,260.8828,0.2640910855104,0.2037861490356,0.8151688797694,0.0007649519088,0.0008039113442,512,True,8.2265537e-05,5.8017259e-05,2,2
18,100000,500.0,0.0923510569057,0.3104046208575,0.9678034544421,0.0006213762099,0.3261293328695,512,True,0.1187891525338,0.3025896201938,2,0
18,100000,500.0,0.0923510569057,0.3104046208575,0.9678034544421,0.0006213762099,0.3261293328695,512,True,0.1187891525338,0.3025896201938,2,1
18,100000,500.0,0.0923510569057,0.3104046208575,0.9678034544421,0.0006213762099,0.3261293328695,512,True,0.1187891525338,0.3025896201938,2,2
19,100000,500.0,0.1060513984371,0.2934109432498,0.886329151748,0.0006609435819,0.367816040799,256,True,0.1218287261638,0.214101085803,2,0
19,100000,500.0,0.1060513984371,0.2934109432498,0.886329151748,0.0006609435819,0.367816040799,256,True,0.1218287261638,0.214101085803,2,1
19,100000,500.0,0.1060513984371,0.2934109432498,0.886329151748,0.0006609435819,0.367816040799,256,True,0.1218287261638,0.214101085803,2,2
20,100000,500.0,0.1055540231878,0.2965373011953,0.8878200804565,0.0006636125892,0.3625608733297,128,True,0.1083341535029,0.2000632739103,2,0
20,100000,500.0,0.1055540231878,0.2965373011953,0.8878200804565,0.0006636125892,0.3625608733297,128,True,0.1083341535029,0.2000632739103,2,1
20,100000,500.0,0.1055540231878,0.2965373011953,0.8878200804565,0.0006636125892,0.3625608733297,128,True,0.1083341535029,0.2000632739103,2,2
21,100000,500.0,0.1048018632521,0.2500294758406,0.8450358655141,0.0006004441723,0.399029082021,512,True,0.2876644804059,0.3119667310095,2,0
21,100000,500.0,0.1048018632521,0.2500294758406,0.8450358655141,0.0006004441723,0.399029082021,512,True,0.2876644804059,0.3119667310095,2,1
21,100000,500.0,0.1048018632521,0.2500294758406,0.8450358655141,0.0006004441723,0.399029082021,512,True,0.2876644804059,0.3119667310095,2,2
22,100000,217.65625,0.118783915228,0.4306235318509,0.8851985581018,0.000629765331,0.8071254752209,512,True,0.0224955294942,0.2924691166836,2,0
22,100000,270.75,0.118783915228,0.4306235318509,0.8851985581018,0.000629765331,0.8071254752209,512,True,0.0224955294942,0.2924691166836,2,1
22,100000,493.85156,0.118783915228,0.4306235318509,0.8851985581018,0.000629765331,0.8071254752209,512,True,0.0224955294942,0.2924691166836,2,2
23,100000,500.0,0.0448510827551,0.3180367424755,0.8516398343483,0.0006768151775,0.3386931541046,512,True,0.0598879580533,0.0005117836381,2,0
23,100000,500.0,0.0448510827551,0.3180367424755,0.8516398343483,0.0006768151775,0.3386931541046,512,True,0.0598879580533,0.0005117836381,2,1
23,100000,500.0,0.0448510827551,0.3180367424755,0.8516398343483,0.0006768151775,0.3386931541046,512,True,0.0598879580533,0.0005117836381,2,2
24,100000,500.0,0.2707871119927,0.2420201192898,0.9172609538269,0.000676013555,0.3818032894716,512,True,0.1961899602144,4.41760844e-05,2,0
24,100000,500.0,0.2707871119927,0.2420201192898,0.9172609538269,0.000676013555,0.3818032894716,512,True,0.1961899602144,4.41760844e-05,2,1
24,100000,228.02344,0.2707871119927,0.2420201192898,0.9172609538269,0.000676013555,0.3818032894716,512,True,0.1961899602144,4.41760844e-05,2,2
25,100000,500.0,0.0800104820912,0.3071366643377,0.8924078117859,0.0006883695042,0.3224009835808,512,False,0.195482113714,0.2999840200231,2,0
25,100000,500.0,0.0800104820912,0.3071366643377,0.8924078117859,0.0006883695042,0.3224009835808,512,False,0.195482113714,0.2999840200231,2,1
25,100000,500.0,0.0800104820912,0.3071366643377,0.8924078117859,0.0006883695042,0.3224009835808,512,False,0.195482113714,0.2999840200231,2,2
26,100000,500.0,0.0617295719915,0.405183783477,0.8828446592199,0.0006761991333,0.2559714952603,512,True,0.2136131788949,0.577665822075,2,0
26,100000,500.0,0.0617295719915,0.405183783477,0.8828446592199,0.0006761991333,0.2559714952603,512,True,0.2136131788949,0.577665822075,2,1
26,100000,493.42188,0.0617295719915,0.405183783477,0.8828446592199,0.0006761991333,0.2559714952603,512,True,0.2136131788949,0.577665822075,2,2
27,100000,177.92188,0.2050572929585,0.4948558480012,0.8920427100613,0.0122428425851,0.1273842565754,256,False,0.4408786419661,0.0465014779784,2,0
27,100000,215.4375,0.2050572929585,0.4948558480012,0.8920427100613,0.0122428425851,0.1273842565754,256,False,0.4408786419661,0.0465014779784,2,1
27,100000,500.0,0.2050572929585,0.4948558480012,0.8920427100613,0.0122428425851,0.1273842565754,256,False,0.4408786419661,0.0465014779784,2,2
28,100000,495.20312,0.0001283058102,0.3555866032496,0.8899082951625,0.0164135946161,0.7701475025351,512,True,0.0223475830924,0.051597101875,2,0
28,100000,500.0,0.0001283058102,0.3555866032496,0.8899082951625,0.0164135946161,0.7701475025351,512,True,0.0223475830924,0.051597101875,2,1
28,100000,500.0,0.0001283058102,0.3555866032496,0.8899082951625,0.0164135946161,0.7701475025351,512,True,0.0223475830924,0.051597101875,2,2
29,100000,500.0,0.2365634078969,0.3329480133119,0.8763235510094,0.0035794379913,0.4167875371976,512,True,0.2689877046814,0.4447560274947,2,0
29,100000,500.0,0.2365634078969,0.3329480133119,0.8763235510094,0.0035794379913,0.4167875371976,512,True,0.2689877046814,0.4447560274947,2,1
29,100000,468.6172,0.2365634078969,0.3329480133119,0.8763235510094,0.0035794379913,0.4167875371976,512,True,0.2689877046814,0.4447560274947,2,2
30,100000,500.0,0.0892846285225,0.1123596525671,0.8467663978975,0.0038559856386,0.7333104606251,512,True,0.3707393019692,0.5253261638516,2,0
30,100000,500.0,0.0892846285225,0.1123596525671,0.8467663978975,0.0038559856386,0.7333104606251,512,True,0.3707393019692,0.5253261638516,2,1
30,100000,500.0,0.0892846285225,0.1123596525671,0.8467663978975,0.0038559856386,0.7333104606251,512,True,0.3707393019692,0.5253261638516,2,2
31,100000,500.0,0.1785968673186,0.1404335056443,0.8940508064939,0.0038969736338,0.6857543618596,512,False,0.1735946459608,0.4797391990792,2,0
31,100000,485.77344,0.1785968673186,0.1404335056443,0.8940508064939,0.0038969736338,0.6857543618596,512,False,0.1735946459608,0.4797391990792,2,1
31,100000,500.0,0.1785968673186,0.1404335056443,0.8940508064939,0.0038969736338,0.6857543618596,512,False,0.1735946459608,0.4797391990792,2,2
