Configuration,atari_battle_zone,atari_double_dunk,atari_phoenix,atari_qbert,atari_this_game,box2d_lunar_lander,box2d_lunar_lander_continuous,brax_ant,brax_halfcheetah,brax_hopper,brax_humanoid,cc_acrobot,cc_cartpole,cc_continuous_mountain_car,cc_mountain_car,cc_pendulum,minigrid_door_key,minigrid_empty_random,minigrid_four_rooms,minigrid_unlock,Prediction
0,0.1259746162721583,0.017334074898034686,0.8888117698196891,0.19105099555652905,0.44390690327566795,0.9400769719102895,0.8366254981317681,0.9999999999994726,0.9999999999999613,0.9999999683353995,0.9999999999997414,0.9719702793823044,1.0,0.5037291343494259,0.0,0.40884901647142907,0.7252448900829898,0.9995277854910926,0.06274530934512354,0.0,0.6194682928545543
1,0.0220272018460893,0.01232851316277341,0.6359343473170234,0.06362703729657106,0.08984381843034865,0.8882048054565591,0.7976571165399832,0.9999999999993922,0.9999999999999484,0.9999999611241381,0.9999999999997394,0.5600301652763627,0.6997234384010725,0.5967340884940512,0.0,0.21244233165539492,0.4747214021618168,0.9551434787561307,0.031226885358087608,0.0,0.5327321206077171
2,0.049508758435019756,0.023544679273266467,0.6993008417196305,0.006405503673485559,0.1669267671909215,0.8245025891803729,0.7870474689540318,0.999999999999436,0.9999999999999614,0.9999991551086324,0.9999999998275684,0.2890055935773012,0.7507654390411275,0.5711732471715801,0.0,0.0,0.0,0.12437359736068396,0.02534215251307101,0.0,0.4408353089431544
3,0.7592391852033146,0.01510938079347419,0.8022406667887743,0.048329683398676104,0.4692449803308536,0.7715905526933702,0.7921086985607426,0.999999999999506,0.9999999999999717,0.9999999636468219,0.9999999999999006,0.9696676429829948,0.8853600936199889,0.9789318955200739,0.0,0.27521608632316386,0.05647948689352531,0.9492878663387678,0.44501011502322757,0.0010690839887594658,0.6043856288687818
4,0.049648613684836196,0.010845383759732869,0.7187785170338529,0.021635695056247774,0.09566082401710421,0.9889170020835637,0.9510610042765665,0.9999999999787389,0.9999999999995288,0.9999999777097889,0.9999999995487081,0.9627725119777529,0.9181668956535168,0.8426530945393694,0.007323266983673661,0.15062356209301955,0.0,0.365289928943093,0.015370495503145308,0.0,0.4798708221149989
5,0.08342365651550646,0.15294771968854273,1.0,0.20233832574468819,0.7511266090931503,0.9233692622636531,0.8713730369872692,0.9999999999994901,0.9999999999999806,0.9999999987500267,0.9999999999999906,0.7019664648685721,0.5116698599999044,0.7167231038152815,0.0,0.22954189124732582,0.9723341431503322,0.9998038426338002,0.5603401204418308,0.3443099419750631,0.6108430687317262
6,0.8603195692458305,0.2157953281423804,0.9359878255768833,0.07741651688520099,0.7647420829722007,0.8694038056723202,0.8186078516556449,0.9999999999995022,0.9999999999999726,0.9999999654864473,0.9999999999999498,0.6170008117892088,0.9257424712811132,0.5020868026830181,0.0,0.2924174562152997,0.9998862672014417,0.9996367349412869,0.6398218288395146,0.5524568551744072,0.6563518024557026
7,0.045522883815251214,0.02456433073785688,0.7042897023893415,0.011808830493860086,0.1692893781016308,0.9794627160129522,0.9541530103339895,0.999999999999471,0.999999999997966,0.9999999906159381,0.9999999993133527,0.986103832319175,0.7320812455916609,0.5742780684623168,0.3987636863827959,0.28117574810678925,0.0,0.9290492102763807,0.015662032819095943,0.0,0.5438164820500043
8,0.5065207532603755,0.025862068965517116,0.712202291716384,0.02214007581055193,0.2037862651966685,0.3283147319896319,0.7793357849694521,0.9999999999994736,0.9999999999999671,0.9999999623576488,0.9999999999997565,0.8833653189587244,0.243072834249631,0.5038779872385626,0.0,0.2774025412355297,0.0,0.20712680051342133,0.12340126758040847,0.0,0.4032302009081718
9,0.5738610560469913,0.46055802743789387,0.9707055918375385,1.0,0.5922779494125678,0.993810233724506,0.9499392890526223,0.9999999999996588,0.9999999999999728,0.999999974880936,1.0,0.9791210525419053,0.9287548695609255,0.5031981034653771,0.0,0.5162355665491677,0.9552814778765862,0.9993897460706699,0.08920501811408157,0.0,0.6326117764769636
10,0.044683752316352576,0.007879124953652207,0.6901228614035971,0.014222746643430106,0.0848629538392531,0.9558989583926149,0.8351656545629346,0.9999999999994854,0.9999999999990086,0.9999999725377753,0.9999999904490751,0.9854117624114476,0.8798814080573694,0.5717393782791893,0.07974880885566328,0.4009413931010108,0.0,0.4112370310940051,0.0,0.0,0.48030607083917676
11,0.08768924163490786,0.016870596959584556,0.7157214983167433,0.01390931948259362,0.17923818498344576,0.8348670590962631,0.7619989489117083,0.9999999999995409,0.9999999999999706,0.9999999724358047,0.9999999881269456,0.9717548077800982,0.9748260939925582,0.8511775180530657,0.15811957100232726,0.2570556806737954,0.0,0.32727782182643284,0.029769199262070417,0.0,0.4925420649091702
12,0.029824132023355827,0.017426770485724837,0.7010145724840351,0.007784320029589922,0.07821072749378723,0.8654975458466853,0.5945533159380986,0.99998935260249,0.9999999999901471,0.9999999740599428,0.9999990903846891,0.8180734161349235,0.6580338841946214,0.21830203899540923,0.026281085394219285,0.24609594969710463,0.0,0.11121345301909102,0.03560534614789593,0.0,0.4169937921817664
13,0.0,0.013162773451983517,0.7084407391297881,0.021710759198433068,0.14914627311675452,0.9732352418971846,0.9260083005815968,0.9999999756694153,0.9999999999799151,0.9999999735717436,0.9999999763512936,0.9758177471550077,0.6204553301776391,0.5752570419892379,0.0,0.2861431304691818,0.0,0.3348770163233593,0.010506141052591409,0.0,0.4519955536831287
14,0.9527988576623194,0.11429365962180196,0.933713240795,0.05781809901494074,0.694882631606165,0.7785293399604105,0.7524412204781361,0.9999999999994694,0.9999999999999728,0.9999999915829826,0.9999999999997592,0.7715860776707986,0.8735859547089421,0.5029996015131026,0.0,0.2724898457958967,0.9998862672014417,1.0,0.5783344628453545,0.1980503728734717,0.6411710684811973
15,0.024929198279780428,0.0022246941045604967,0.7291907291545595,0.04990735423361078,0.3122771739327886,0.9376897643497807,0.7894263192634043,0.9999999999994671,0.9999999999995505,0.9999999702428337,0.9999999999997142,0.9698301611656974,0.8858361549570033,0.5681552556073859,0.0,0.608367425687754,0.08109670123627687,0.9791139262642616,0.1183425542281694,0.0,0.5864470541926862
16,0.04814516974930946,0.008157211716722242,0.6998097678254234,0.006574069559629915,0.19716818684800055,0.7990884226998998,0.4921194662761991,0.999956155752773,0.9999999942038784,0.999995622644489,0.9999961989881746,0.5370549198973444,0.4422350359752321,0.3194499901296853,0.0,0.16422574709291496,0.0,0.21353937251371952,0.015807801131545555,0.0,0.4241291169342097
17,0.025034089717142757,0.017426770485724837,0.6980233333316198,0.010605164814250069,0.11081475806157559,0.8095278579505577,0.9348047352247472,0.9999999999992786,0.9999999999299847,0.9999999954883967,0.9999999853485708,0.9366510053635769,0.746649660181731,0.3620985083740711,0.3932122027386708,0.9517127446345361,0.0,0.6672136905000443,0.04124712929467637,0.0,0.503162890941077
18,0.026712352714940036,0.006581386725991759,0.6939934694735048,0.007248333104207343,0.13184199516688835,0.8642235776891882,0.7666206790913408,0.9999999263647795,0.9999999977305287,0.9999999928311152,0.9999999195474649,0.7089711536250175,0.44643678677092236,0.09291014621090453,0.0,0.016714684061498942,0.0,0.11192542187779954,0.030303684686838958,0.0,0.4022600639568745
19,0.03167721408342366,0.011679644048943186,0.6985011006962417,0.005731240128908132,0.1879540042962343,0.9470172231389197,0.9418173563591555,0.9999999999995515,0.9999999999998559,0.9999999861152699,0.9999999999997548,1.0,0.9191683742761566,0.6448720090117707,0.7814634574836125,0.25801085577969335,0.0,0.4325557611017864,0.010603320157908288,0.0,0.5015790354699822
20,0.7816859527988532,0.024008157211716598,0.8121456843987973,0.04630689269751746,0.5067698887987147,0.6729521341328931,0.7949106557958932,0.9999999999996763,0.9999999999999817,0.9999999844389826,0.9999999999999375,0.9480162798382034,0.8146069350758114,0.9755901635838006,0.0,0.2857985930006916,0.024361222220394538,0.9482191297220954,0.4353300112234352,0.00107933085808127,0.6020183770935662
21,0.6882626503968392,0.06043752317389676,0.7088129119855842,0.04841001529222976,0.37704593828346084,0.3699757757719055,0.08686651837338094,0.9999999999994726,0.9999999999999671,0.9999999655713855,0.9999999999997616,0.969866679636988,0.20315856223898252,0.9151134473485443,0.0,0.2403893985286569,0.9999766727476626,0.9856370953266927,0.45070588379764515,0.0010724995978764204,0.5243793421620506
22,0.027621411838746897,0.011216166110493057,0.7323464173294971,0.035886096888664135,0.10858319763416696,0.9034275936635117,0.8340559296616675,0.9999999999994637,0.9999999999729154,0.9999999690182357,0.9999999999886002,0.971398726974365,1.0,0.503910559209908,0.04041576552160282,0.2802699750754353,0.0,0.9420664439655894,0.046403022097758026,0.0,0.5652846574810315
23,0.015558896542078949,0.0217834631071561,0.6977394425787286,0.006236937787341202,0.08083636344729034,0.781391949475447,0.37617603896967944,0.9999813785871114,0.9999999979441258,0.9999063444595468,0.9999553811810806,0.0,0.0,0.27063580099942963,0.0,0.13446848616041063,0.0,0.011941240595271466,0.02534215251307101,0.0,0.33511090486379325
24,0.04174679207020734,0.022432332220986114,0.6978086842257752,0.008765426079506554,0.06864215330541455,0.9633976124831333,0.8237070057383379,0.9999999999993306,0.9999999999697942,0.9999999747937919,0.9999999995810778,0.9411229801323892,0.9215502705904269,0.28125930421823886,0.11490835225875523,0.8893296115016177,0.0,0.8543972792766866,0.031226885841823596,0.0,0.5400553983215393
25,0.022936260969896156,0.023081201334816337,0.6996678224489777,0.002697054178309709,0.06449189499859434,0.7693340325875645,0.5391097247998842,0.9999943368082823,0.9999999998795299,0.9999999315526622,0.999961523354588,0.09996475502391437,0.4641051774082866,0.347896374194332,0.0,0.13480181928517587,0.0,0.015926497289176722,0.010506141052591409,0.0,0.38225818640661646
26,0.7039613977133667,0.028179458657767765,0.7165402824548694,0.24639196621459564,0.958516789750613,0.9393381980509353,0.8228427236317898,0.9999999999999165,0.9999999999999549,0.9999999959426895,0.9999999999999646,0.9713640351278384,0.8554892674235874,0.9504747291346664,0.0,0.29593021298003747,0.013363706488775435,0.7273654771373772,0.24538803272954948,0.0,0.6405430819821836
27,0.4572917053249886,0.02465702632554682,0.7158201648941188,0.09149308487782556,0.7043607603236538,0.9234658928197004,0.8275666284155192,0.9999999999994515,0.9999999999998335,0.9999999611174233,0.9999999999997393,0.9721839243597467,1.0,0.5294606329421808,0.0,0.44929315942206804,0.35425977491795946,0.9994042590251997,0.031761371957643544,0.0,0.6557351116060147
28,0.3421209048634663,0.01798294401186491,0.6944244986155835,0.01619022649463174,0.2566044627696527,0.3332136995390415,0.7770212681409697,0.9999999999994753,0.9999999999999676,0.9999999634442558,0.9999999999997868,0.20823617556532267,0.25624491447622966,0.5024807846295772,0.0,0.27653948014592167,0.0,0.8950167059388325,0.2790497971166335,0.0032379925322728697,0.5014130340202084
29,0.21509737421768468,0.10511679644048931,0.6909537607250104,0.11524375540763576,0.23875290903777704,0.899382073381651,0.9394420645854147,0.9999999999995971,0.9999999999999292,0.9999999845538973,0.9999999999997625,0.9794899138776576,0.9122455921066248,0.5986478319012337,0.0,0.326134290928035,0.0856978524388758,0.9937892272950568,0.010603320157908288,0.0,0.5808956322446022
30,0.045522883815251214,0.020022246941045523,0.698317610331568,0.0,0.11081475806157559,0.7442766461384075,0.7675191448220442,0.8013929043925603,0.9997363038175321,0.0,0.9856585373919587,0.3839779552311987,0.08911571844584448,0.0,0.0,0.018180128168894045,0.0,0.03985983333546612,0.0,0.0,0.3522227185936256
31,0.19394426768294815,0.025398591027066986,0.7007791502193567,0.203293090947546,0.0,0.977296993538478,0.9206663562233729,0.9999999999994698,0.9999999999999682,0.9999999692368376,0.9999999999997712,0.9729910342303019,1.0,0.6403847563572099,0.0,0.3252628095599514,0.6837895432092724,0.8862211973169922,0.04703468697336915,0.0,0.5428975359807838
32,0.5215901541904129,0.018631813125695132,0.6922416558032246,0.04199397604858112,0.39508391855446773,0.0,0.49073296342051287,0.9999999999994866,0.9999999999999745,0.9999999643434921,0.9999999999999086,0.963000767615976,0.48239450482509144,0.9964346345663202,0.0,0.273530961271187,0.018081510544279433,0.9422852014922924,0.3222891039442429,0.002138168033480186,0.5506807473593645
33,0.009580084612426138,0.017797552836484817,0.6994947183313611,0.0055626742427637745,0.06415319257506688,0.7630707119083587,0.5160489645931476,0.9999999364213668,0.9999999996877101,0.9999989049300417,0.9999959866144673,0.11353588984533164,0.2609338740874837,0.30333790711717307,0.0,0.19487091361452194,0.0,0.024675173580066233,0.04630584195586402,0.0,0.36193888657503587
34,0.09961190168175937,0.044864664441972436,0.717443884176242,0.016369327816086472,0.2464286243362895,0.4507081278616066,0.7633740850294692,0.9999999999994748,0.9999999999999674,0.9999999624359844,0.9999999999997615,0.8266375480942091,0.21577018852964078,0.5039387872601532,0.0,0.27534955491057544,0.0,0.12824826236532838,0.20346604888236494,0.0,0.3960379871144291
35,0.024719415405055768,0.008249907304412184,0.6983383828256821,0.009102557851795269,0.12947938425617905,0.8373938361472186,0.5516889524050479,0.9999994291438492,0.9999999999002257,0.9999999653079488,0.9999998424728674,0.7183606535218379,0.608459872594022,0.268583897932351,0.11727069644703701,0.36989352649665175,0.0,0.0782811982271774,0.03536239458382095,0.0,0.4146301512138539
36,0.047900423062130694,0.01705598813496465,0.6982726032609877,0.008299236084351744,0.20201153921495463,0.9900761021927519,0.8248359941975915,0.9999999999994509,0.9999999999825322,0.9999999687446531,0.9999999999996692,0.9714699443041774,0.8528255522703643,0.546017649771816,0.0,1.0,0.0,0.9622195763007709,0.01045755184545868,0.0,0.5654112502610192
37,0.8923813875039334,0.056915090841675814,0.6811335629139664,0.05286252479022633,0.6305467022995567,0.8895184532596679,0.8990709595265407,0.9999999999994713,0.9999999999999671,0.9999999757581653,0.9999999999997439,0.3036431301671634,0.8332529268824703,0.8726811623204018,0.0,0.29463218540659303,0.9998862672014417,0.9998401797820915,0.49554865311902285,0.07027604964607109,0.6279377106893195
38,0.4395300885983007,0.032906933629959216,0.6980337193571036,0.02288150213996752,0.33578976903606567,0.47156222617675647,0.7721616487944433,0.9999999999994854,0.9999999999999758,0.9999999641142133,0.9999999999998935,0.6589668601218894,0.29938016307073567,0.5029940209074933,0.0,0.2765535503531619,0.0,0.3438299224110235,0.36962072741827273,0.006431582271938151,0.44532625891536437
39,0.6787175295968672,0.02317389692250649,0.6929981180275434,0.27721713648080587,0.6774316124832873,0.9141182298051203,0.9480387921996885,0.9999999999994694,0.9999999999999671,0.99999996769331,0.9999999999997323,0.973179118147706,1.0,0.5039260260459694,1.0,0.2976674896019601,0.8219898608101862,0.9999491405979769,0.08351464265043704,0.001082746453207911,0.652054553474025
40,0.7673857535051223,0.019280682239525358,0.6649829409852711,0.21033203696951952,0.6079680803658356,0.9814756339032197,0.926291892415159,0.9999999999996283,0.9999999999999624,0.9999999942364112,0.9999999999999712,0.9739770972317726,0.8031846748536391,0.9566441671507813,0.0,0.31585662116535324,0.0,0.5880598742757195,0.20423808634097276,0.0,0.5680857180591544
41,0.007761966364812419,0.015387467556544224,0.7125987000349394,0.014795607322693582,0.2251651261399058,0.9437422318011353,0.6695022359229377,0.9999999999493542,0.9999999999989659,0.9999999685778632,0.9999999997720709,0.9488270441269524,0.9372650513715807,0.8099586138440581,0.0,0.16394162562432582,0.0,0.4692892274319617,0.0,0.0,0.5134457040915104
42,0.6219362936960247,0.04078605858361142,0.7053387100184992,0.20226194355212593,0.41004220006420145,1.0,0.9746499699271595,0.9999999999997813,0.9999999999999731,0.9999999912594433,0.9999999999999678,0.9737470161374514,0.9131085488105644,0.9505230679818562,0.0,0.3347742638292652,0.003928100244279448,0.5489120266925119,0.16065865886421704,0.0,0.5470069766161277
43,0.30470962329988466,0.006766777901371853,0.6782860018409725,0.01568452890362502,0.18707263820252146,0.5772930972930265,0.7381498070482325,0.9999999999994766,0.9999999999999671,0.9999999637620981,0.9999999999997637,0.96406900302118,0.2518791660178547,0.5035788441705162,0.0,0.2654239111596301,0.0,0.9395971752062175,0.2849831231077759,0.0042934140845645175,0.49706294579600996
44,0.6774588256354673,0.07044864664441973,0.7139471801140932,0.04214147146866285,0.35897750159520386,0.3030895583548013,0.5213476521443078,0.9999999999994726,0.9999999999999679,0.9999999692007252,0.9999999999997677,0.9724833973277822,0.14056053937850976,0.9302419095879912,0.0,0.21600282752256816,0.9999591845670673,0.9872354049632228,0.47697123953885495,0.0010724995978764204,0.5154737070830573
45,0.01286668298311248,0.008249907304412184,0.7093356879717992,0.09231747825757974,0.22303877632026742,0.9703571900457659,0.8820973151407415,0.9999999999994635,0.9999999999999789,0.9999999709037535,0.9999999999997627,0.9777880441958534,0.9283424973291237,0.5506229468445843,0.0,0.3550535227981,0.896042734572287,0.9779281240605706,0.08186259993320436,0.0,0.5783405958478768
46,0.11468130484948079,0.024749721913236763,0.6986465081550397,0.014686302830327087,0.28375787672549646,0.7042964642692714,0.7234279361528707,0.9999999999994847,0.999999999999967,0.999999962963773,0.9999999999997587,0.4840796627031141,0.20288311149535643,0.5039547737349042,0.0,0.25548487380746265,0.0,0.22508266574663807,0.2761344270668586,0.0021518303860061233,0.4124702367101224
47,0.0339148980804867,0.013811642565813742,0.6982345203551121,0.006574069559629915,0.1832287824748157,0.8042948394134815,0.4986389442224782,0.9999982733321631,0.9999999533973366,0.9999997554110872,0.9999466045476194,0.0,5.731836050382694e-05,0.1899706738464276,0.0,0.23935700834431997,0.0,0.03583825230550335,0.015807801131545555,0.0,0.3524878465020593
48,0.5420439844760673,0.02363737486095662,0.7430494414873473,0.18207222709740983,0.5473357314893313,0.9860695164555119,0.9199832029814012,0.9999999999997573,0.9999999999999791,0.9999999837068209,0.9999999999999633,0.970175283391512,0.9676788194965219,0.9497879536300409,0.0,0.30847028061575577,0.025920213934463462,0.6008164348020009,0.26216762145900674,0.0,0.5786317096625706
49,0.5733365943848118,0.02984797923618819,0.7122974977624202,0.027913457073864383,0.31113924424179645,0.23938088029880153,0.539305720758126,0.9999999999994795,0.9999999999999748,0.9999999733961552,0.9999999999999364,0.9712069956507621,0.5392941254093885,0.9857515023287667,0.0,0.23849226870166665,0.011819298455221878,0.9252455587308483,0.338971508039972,0.004286582852340294,0.5427672017322622
50,0.5434775007866858,0.008249907304412184,0.7047934352608193,0.03289141799450679,0.2443456508716663,0.35543328491383436,0.23357627078670892,0.9999999999994765,0.9999999999999671,0.9999999625893328,0.9999999999997703,0.9699269407242138,0.24280535366224518,0.6452842185986615,0.0,0.2628393292645379,0.0,0.9244762729492875,0.2605155873799167,0.003224330151766305,0.5021193060104596
51,0.2991853409321353,0.10854653318502032,0.7127873807534757,0.3443866909249609,0.754586551179615,0.9393462856587268,0.8735723615876212,0.9999999999994644,0.999999999999972,0.9999999980968366,0.999999999999831,0.9721894042340389,0.7146293975044222,0.5875326633055167,0.0,0.3650372717393565,0.9890287367598205,0.9996222271529805,0.38878661066874337,0.1183131029017158,0.6326887191819945
52,0.01828607391349953,0.01622172784575454,0.6970989573435471,0.004888410698186347,0.17194639248129176,0.7530169082449519,0.7669964751084747,0.8197448716523411,0.9999909463831256,0.995886956081107,0.9913496734271284,0.5859690690160928,0.10000939384241589,0.16957400875085016,0.0,0.0479731552620862,0.0,0.02786773788444819,0.0,0.0,0.3604095901898536
53,0.6979476264466277,0.028828327771597988,0.6842442455693367,0.02643587196412249,0.23133929234325512,0.440603782870348,0.7841013407952351,0.9999999999994733,0.9999999999999671,0.9999999623213282,0.9999999999997489,0.9683328045061812,0.2347409752082169,0.5033341047008746,0.0,0.27248069105857714,0.0,0.9418154244075441,0.240723436019865,0.0,0.5017120093440466
54,0.181182476137198,0.017890248424174967,0.5530209392767462,0.048075517732757006,0.16506528908983004,0.998545854614233,1.0,0.9999999999995718,0.9999999999999685,0.9999999695314231,0.9999999999999869,0.9728924292156873,0.9047289224307443,0.9313522543405481,0.0,0.32879289293305725,0.0,0.49216591572080565,0.07334862950303182,0.0,0.5046191960539926
55,0.8737806370406629,0.14228772710418974,0.5576237805338381,0.05279667890951707,0.7703403674912862,0.8898929623087328,0.9171915610410444,0.9999999999994713,0.9999999999999698,0.9999999831387542,0.9999999999997471,0.27653556288884823,0.9056985554817848,0.5841140642969981,0.006890183148324163,0.27679327489345446,0.9998862672014417,0.9998765055646915,0.7132190499683592,0.19252051051302946,0.6550506850493049
56,0.23810356281248907,0.02419354838709669,0.7037253829659114,0.01906769883109874,0.18292053499190636,0.5992427509426614,0.7769290702938217,0.9999999999994821,0.999999999999967,0.99999996280945,0.9999999999997592,0.5022451175865618,0.22097820099956855,0.5037943243653255,0.0,0.2760122438202204,0.0,0.1718988104032053,0.2081360420125537,0.0010759152209836884,0.39341499303511174
57,0.6678088201111849,0.021598071931776007,0.6241026825397267,0.03976311213513164,0.39061526092098126,0.061275526169583615,0.3640160015162993,0.9999999999994853,0.9999999999999748,0.9999999667357398,0.9999999999999157,0.879212903018357,0.776780014743556,0.9882292989150653,0.0,0.2825924462439466,0.0,0.9325630346275882,0.30798758136378895,0.006462322767981054,0.5798156630437302
58,0.03192196077060243,0.03735632183908042,0.5025766622688214,0.05097406093984476,0.6874893191898096,0.8435485758823873,0.8173173623839426,0.9999999999994672,0.9999999999999666,0.9999999736932135,0.9999999999997174,0.2608681383271684,0.9533922145744668,0.16150144590156534,0.0,0.18303927303544765,0.8933978549067157,0.9997675106517322,0.6403023058319494,0.03532076009966185,0.6485206515611048
59,0.7851473702318101,0.019558769002595393,0.6264257397981418,0.03470350187739581,0.36329941628372076,0.4131700038142489,0.7409069233127541,0.9999999999996162,0.9999999999999775,0.9999999826014241,0.9999999999999195,0.930875236558279,0.41734931139950737,0.9904039151011694,0.0,0.2556040089277546,0.026759493963831333,0.9309897708416776,0.3435443251745753,0.0053693291796353855,0.5379301053764204
60,0.12653403727142407,0.015758249907304414,0.6264897944149248,0.03157449781812025,0.16859536114660995,0.8639815320158812,0.7642930502433906,0.9999999999994748,0.9999999999999819,0.9999999688194445,0.9999999999997508,0.9716854159063838,0.9990032984168987,0.9083900329949961,0.0,0.25961052744234026,0.0,0.6736577481516455,0.030303684686838958,0.0,0.5386422036407359
61,0.14240760812559,0.048850574712643514,0.16358340444210445,0.2594123607112269,0.9830002726376207,0.8891573424641079,0.8862450170377277,0.999999999999473,0.9999999999999657,0.9999999712552653,0.9999999999997434,0.9568360539518481,0.8307357001358125,0.55010194007809,0.0,0.24865455248467383,0.936851293556026,0.9994696427474437,0.4415548517258314,0.008590243806226616,0.6767233015204078
62,0.3800916074263137,0.02271041898405636,0.6986724738834689,0.018247257175126624,0.1919510611658341,0.5248266667356688,0.7665964630075179,0.9999999999994756,0.9999999999999676,0.9999999640977782,0.9999999999998375,0.47939951932515423,0.3107849251438134,0.9990161309422598,0.0,0.27305343752000927,0.0,0.9462543271705266,0.30594681255056894,0.0032209144307268423,0.5048153927188357
63,0.023146043844620816,0.004449388209121204,0.6981998995315888,0.003539883609031493,0.09911983405356455,0.7298892915819345,0.4978297863536105,0.999999955823588,0.999999995694903,0.9999999427696434,0.9999999972274787,0.0,0.4135869994315929,0.3133831552162858,0.0,0.14942688727518794,0.0,0.023889746450387415,0.0,0.0,0.3827939741948402
64,0.023146043844620816,0.018817204301075228,0.6992350621549361,0.006405503673485559,0.22303877632026742,0.7719935552381035,0.5315773049855509,0.9999782781028903,0.9999999999558624,0.9999999600781151,0.9999999772828428,0.16525118147942075,0.41271289636999636,0.48602412582505145,0.0,0.17149956023142712,0.0,0.039045345579707263,0.014981779081877795,0.0,0.4019350368212047
65,0.010489143736233,0.011401557285873151,0.6979610158492778,0.013552433878665776,0.3024225029201,0.6903401509081581,0.7166820145796942,0.9999999999994769,0.999999999999967,0.9999999629809468,0.9999999999997605,0.51403038019168,0.20647665579209995,0.5036665152848167,0.0,0.2530792116637926,0.0,0.22366678785421104,0.2038061795517568,0.002165492906415822,0.41526492769155715
66,0.4806475298066501,0.04912866147571376,0.5006690648634833,0.2598416794135628,0.9170391269116445,0.898637763433159,0.9176037989261883,0.9999999999994733,0.9999999999999657,0.9999999610245155,0.9999999999997444,0.9691910446774736,0.8846165425246508,0.5450918564526313,0.0,0.3173421500905181,0.901524626428172,0.9780798715379311,0.14144418882529364,0.002162077311289181,0.6704312784516337
67,0.7299744741792246,0.07879124953652207,0.4855414888238353,0.054916922201874226,0.760548449786997,0.8652819964305792,0.9340411457479662,0.9999999999994719,0.9999999999999671,0.9999999648636592,0.9999999999997431,0.3219400599616516,0.8643863588670708,0.6224939041682989,0.0,0.2792505491073466,0.9998862672014417,0.9999782181692695,0.6140369611475621,0.1534357555880376,0.6493464766985539
68,0.1437362329988462,0.4711716722284019,0.0,0.2907076733706376,0.9891522893636822,0.9356685061494227,0.8514391134455479,0.9999999999997257,0.9999999999999835,0.9999999977304507,0.9999999999999999,0.9146143471034861,0.4699914474637421,0.5396166276814099,0.0,0.24881598568601082,0.8910362008106981,0.999186339459918,0.5766878110202148,0.6556559099082461,0.6395293278038549
69,0.016467955665885808,0.011308861698183,0.6992454484019932,0.005394108356619418,0.11542184933745873,0.8031180690662966,0.7675191448220442,0.0,0.0,0.27023900304541537,0.9818570375521789,0.0,2.2290473529264423e-05,1.0,0.0,0.10955991836461301,0.0,0.0,0.041635847789098124,0.0,0.016081346789906314
70,0.4134121184573966,0.12597330367074516,0.3995052836096207,0.5506863136455143,1.0,0.9044384054641226,0.7995302444946814,0.9999999999994715,0.9999999999999676,0.9999999954759429,0.9999999999997848,0.9720962767563848,0.9879806587471799,0.5039337128564649,0.0,0.26375164378202887,1.0,0.999716660548911,0.5182183639961714,0.0,0.6956935933536235
71,0.015419041292262509,0.00852799406748222,0.6977671392375472,0.003539883609031493,0.06639767294024071,0.7642356852186173,0.6371565283706562,0.9999991191420495,0.9999999956540274,0.9999855728146743,0.9999464108422368,0.0,1.2737413445294473e-05,0.16255597104365757,0.0,0.10785473284246082,0.0,0.023897011813556353,0.07179376278138463,0.0,0.33465528983142295
72,0.10618509842313206,0.01900259547645532,0.6635254142857363,0.5640385705448335,0.13710249602276456,0.9456767617327612,0.8413004612187294,0.9999999999997997,0.9999999974524584,0.9999999782967441,0.99999999905804,0.9894893101098061,0.9608786221939876,0.9438380681964537,0.0,0.3937601067135837,0.07743983194058579,0.6826276054445939,0.12228370683268726,0.0,0.5314038090396899
73,0.4253347785042481,0.03244345569150908,0.47487481420416544,0.19901441576132572,0.4371928403148361,0.9006448366514408,0.9434827164149026,0.999999999999471,0.9999999999999671,0.9999999698914325,0.9999999999997424,0.9657014831666016,0.9925438360949638,0.49971117274971516,0.0,0.3438265409679162,0.9462775379984438,0.9995713656844682,0.30166553549612196,0.0,0.617752938964762
74,0.29016467955665887,0.015943641082684295,0.69590107684964,0.039771014099315966,0.11897038000076184,0.980034923922423,0.911179967915368,0.9999999986482522,0.9999999999837098,0.9999999811915609,0.9999999946937838,0.973631975005958,0.9860413885691267,0.7303602596960724,0.0,0.43440083810825936,0.0,0.48748320338103274,0.02023484995369921,0.0,0.5061575185910652
75,0.6886472500961505,0.03540971449758975,0.6798283596397233,0.02547451961099228,0.2528335142613878,0.3191380104763699,0.788915429019368,0.9999999999994742,0.9999999999999671,0.9999999630024304,0.9999999999997594,0.9560764246384997,0.2278834707541027,0.5494855307738343,0.0,0.2761149491617623,0.0,0.9271457586931381,0.2246240972268431,0.003197005152917848,0.5020763724166661
76,0.31565329883570503,0.01974416017797549,0.6346654946888267,0.0360375428862799,0.34756498283196086,0.9383537890675394,0.8935659541785472,0.9999999999994871,0.9999999999999627,0.9999999720856958,0.9999999999999463,0.9778665656873904,0.841643704103517,0.8174564313329424,0.0,0.36548414966316056,0.0,0.5027970310148586,0.04606289626572607,0.0,0.5247770500846857
77,0.639523091360442,0.022432332220986114,0.6763455034638371,0.03128477506645694,0.26526490957052695,0.2488323085421365,0.5948148696895253,0.999999999999563,0.9999999999999776,0.9999999677777828,0.9999999999999066,0.9719228011624295,0.2741855582569487,0.9922252179705476,0.0,0.2638271359309957,0.0007867866603410298,0.9748235503550262,0.3013254138103985,0.0010724995978764204,0.5148862101047372
78,0.44592846851508683,0.1351501668520578,0.664430748266938,0.04099311603217265,0.36415217470322125,0.34896298977599455,0.516980668323153,0.9999999999994853,0.9999999999999739,0.9999999650381974,0.9999999999998792,0.9703140612956113,0.15352404517323678,0.5017696886002603,0.0,0.24562605926040834,0.9996675192523689,0.9177383904797621,0.19208529726402443,0.0,0.5085248841904895
79,0.6332645734065242,0.011123470522803115,0.6643372709355587,0.021793725507081755,0.250591803466854,0.22699115308483261,0.11993512202444834,0.9999999999994801,0.9999999999999724,0.9999999674347247,0.9999999999998919,0.9375950665134671,0.23794443265172252,0.997574020845187,0.0,0.2699158394630635,0.0,0.925166442153795,0.325064105211804,0.0010724995978764204,0.5025669386602728
80,0.024264885843152336,0.02271041898405636,0.6947412792616087,0.00370844949517585,0.06864215330541455,0.8280551368495243,0.7698960716235526,0.9561503796495938,0.9999999977779946,0.9915551997501375,0.9959522175859324,0.899564123038859,0.6822700002770388,0.18761137220126073,0.0,0.0115311871990999,0.0,0.06740226292050107,0.05763800713127744,0.0,0.41251858990359375
81,0.8128387141708331,0.022617723396366207,0.46234380436023226,0.09302861457835594,0.9461047708042053,0.9628977234886155,0.8684792785593431,0.9999999999998673,0.9999999999999795,0.9999999964294858,0.9999999999999531,0.9708983930649039,0.8707025181547945,0.9346160867217614,0.0,0.2936022807309828,0.032170759804974504,0.8677478883230113,0.37087865729373365,0.00107933085808127,0.6586691349200727
82,0.040278311947134715,0.013811642565813742,0.6976044213669876,0.007754030762640414,0.08281781876967037,0.8476078121032886,0.7675191448220442,0.999996072269874,0.9999997201032449,0.9999977956278446,0.9999999987215555,0.0,0.11431987784820506,0.20981305967575797,0.0,0.1458643577171763,0.0,0.013555684347206637,0.02631394218413696,0.0,0.3476434368073654
83,0.6582287354987587,0.017612161661104932,0.5361363576619426,0.04206640712419849,0.552347976278543,0.8603619153331086,0.8448137085859386,0.9999999999994862,0.9999999999999793,0.9999999763270219,0.9999999999999486,0.9020457125690844,0.8466319880395689,0.9433150941440581,0.0,0.2860141541632515,0.024329141545199412,0.9123937681770016,0.39101631570319045,0.0,0.607084519022455
84,0.2049928324184469,1.0,0.5613160930244001,0.1821565107147456,0.4118280019658648,0.9078285572501867,0.8064364891695291,0.9999999999998107,0.999999999999984,0.9999999763106912,0.999999999999972,0.970807089874682,0.31964698156737054,0.5035945409534852,0.0,0.2912486940545385,0.9994575553162118,0.9933307353085125,1.0,1.0,0.5425002059934662
85,0.06342435579175554,0.020763811642565688,0.6977359804963762,0.004551278925897634,0.0826996882241349,0.780092059056674,0.7675191448220442,0.9999448929506183,0.9999823819753616,0.9998910460009751,0.9999910013728325,0.32208065981585143,0.20473640973711577,0.09128496474134785,0.0,0.25626872635230824,0.0,0.012733932984794766,0.07733836958705387,0.0,0.35704237617521006
86,0.15436523198489563,0.12161661104931389,0.016257958668147533,0.9235158655324575,0.9405747799161045,0.9826097672729297,0.9265777552230274,0.9999999999994633,0.9999999999999707,0.9999999958861838,0.9999999999997985,0.9715466368336187,0.8082334615035561,0.5039603328125382,0.0,0.39449540107239245,0.9797652034280903,0.9992662196047769,0.11240922989555041,0.0,0.6684154932912785
87,0.2322995699451068,0.493233222098628,0.4361600810688737,0.0757743167365542,0.6833612141995201,0.8985659255775997,0.8499990697380944,0.9999999999997253,0.9999999999999838,0.9999999959829909,0.9999999999999678,0.5658114116186211,0.696389427564718,0.5752917367337199,0.0,0.2515431962692059,0.9998862672014417,0.9985251971977144,0.7179916120593807,0.46198092586405876,0.6207018711763365
88,0.03209677983287298,0.006025213199851687,0.6980129470845629,0.0055626742427637745,0.17389646937751393,0.7975059449990258,0.6260582209447884,0.9999999958389421,0.9999999971738874,0.9897171936158884,0.999932822867133,0.09544530670989053,0.13224619428058296,0.09770059668077746,0.0,0.077518536219207,0.0,0.023104319424033053,0.0,0.0,0.3634618613989037
89,0.029963987273172267,0.01992955135335558,0.6847150887692539,0.010141608492500379,0.12711677334546975,0.9121497458398385,0.7315224948040776,0.9999999999994424,0.9999999999459602,0.999999981177025,0.9999993339243898,0.964686202349567,0.7519547898247172,0.3701642625677128,0.0,0.35509236768413777,0.0,0.9090761053249726,0.031226885841823596,0.0,0.5374389559579869
90,0.029544421523722948,0.023081201334816337,0.697057412355319,0.006405503673485559,0.204137889034593,0.7271747485951159,0.5750172444910904,0.999999995460034,0.9999999987423722,0.9999798409988189,0.9999999892057384,0.30838901684397313,0.6806969240101836,0.36413229199899255,0.0,0.1722612383090216,0.0,0.13703810870309366,0.10302064862320824,0.0,0.4402820358165536
91,0.5249466779483235,0.02984797923618819,0.474381470238624,0.195809032004263,0.7112483251606301,0.9288000800742544,0.8952449997922861,0.9999999999999356,0.9999999999999741,0.9999999968432327,0.9999999999999906,0.969474082697296,0.7614377961727257,0.9288635389551734,0.0,0.20688970109893473,0.02040395751854748,0.6768938972990038,0.3666999523098507,0.0,0.5896240208206935
92,0.38351806104681646,0.032536151279199024,0.6765445738638162,0.02315805578291535,0.31334312018520605,0.5253457687666871,0.7608971884689467,0.9999999999994813,0.9999999999999742,0.9999999642586908,0.9999999999998931,0.9441962044249657,0.2488524386574129,0.8403539259431834,0.0,0.2732839557393656,0.0,0.963210050833726,0.3657281605656305,0.0043070765350226485,0.5174043379970549
93,0.7532953415614838,0.03744901742677036,0.4632318390083358,0.20066715073844568,0.7228869505132499,0.8987202875431284,0.9330202395711763,0.99999999999982,0.9999999999999857,0.9999999889005696,0.9999999999999777,0.9736118903142146,0.9960514018319585,0.9526611170579358,0.0,0.30114168724371226,0.019666749565032445,0.8926192445837715,0.20958833562705964,0.0,0.6440160457436046
94,0.12020558721723017,0.07174638487207996,0.6306633374603274,0.8104397620332461,0.7400131118172104,0.977853629255043,0.9085332970737814,0.9999999999994681,0.9999999999999679,0.9999999874673328,0.9999999999997561,0.9728960824652153,1.0,0.5038188337024179,0.0,0.36739870189726365,0.922463914108891,0.9950476727979904,0.11984883167357871,0.0,0.6601352838355119
95,0.419251075137233,0.026232851316277304,0.6762052899040741,0.02985459870763502,0.2386956889641306,0.5638530888973972,0.7410473111033451,0.9999999999994766,0.9999999999999685,0.9999999630728961,0.9999999999998574,0.8378439611416587,0.24944950746014383,1.0,0.0,0.2678399674251799,0.0,0.9052966926659782,0.3407747320753926,0.007504082289523975,0.49953871379927745
96,0.6632635222544666,0.013348164627363612,0.6117932448584764,0.039451001810997706,0.4865049646420186,0.793576027994129,0.7977769462815186,0.9999999999994839,0.9999999999999791,0.9999999727810838,0.9999999999999628,0.5970129638808396,0.7187690527981709,0.9689815584527489,0.0,0.26610748638896836,0.030605934515004322,0.9322772784172336,0.3390686961289573,0.004303661009847575,0.5870235334651484
97,0.8419985315198769,0.04430849091583237,0.3739966652691006,0.2747413216567429,0.8548341533346449,0.9677358331764979,0.9222562862799796,0.9999999999999306,0.9999999999999885,1.0,0.999999999999967,0.9723811390636393,0.9229211301270079,0.9548195871235353,0.0,0.3078178403574101,0.012588586565456477,0.853820900273617,0.3125117961612826,0.002162077311289181,0.6496464638539431
98,0.9026257935037237,0.05274378939562464,0.49762935212667,0.12047193107953146,0.6342788880412622,0.8888715704420902,0.941400549509192,0.9999999999994695,0.9999999999999671,0.9999999699030181,0.9999999999997429,0.357892969425645,0.8849620606587473,0.6961199200454611,0.0,0.28750964427518777,0.9874609911044184,0.9998111156429795,0.48985828007405835,0.031105905402525752,0.6339028035782889
99,0.2586972483479599,0.02512050426399695,0.5498012049048098,0.14115812713348364,0.36602657274207795,0.995399372315636,0.9366062372638816,0.9999999999997615,0.9999999999466662,0.9999999777484886,0.9999999999599323,0.9670436246364738,0.947779788208658,0.9129030922498974,0.0,0.30090098109581753,0.0,0.59738493215279,0.015759211509781972,0.0,0.5508311385509664
100,0.1381769868186427,0.01900259547645532,0.694485085167536,0.015110351421372162,0.3010575410869068,0.5685877161879678,0.7206216832255797,0.9999999999994766,0.9999999999999657,0.9999999629122239,0.9999999999997582,0.5906163460036243,0.1776694036183807,0.5035963650012177,0.0,0.24993095189729458,0.0,0.22366678785421104,0.18756107569422695,0.001082746453207911,0.4120391574032048
101,0.015558896542078949,0.010659992584352984,0.6975455659669979,0.0016856588614435682,0.1411743082641901,0.7845330911062427,0.3575979040473978,0.545382781281876,0.9999418753910352,0.9995527351534232,0.0,0.4737351465824827,0.4038747237175415,1.0,0.0,0.09360069339937405,0.0,0.026311412594912494,0.015662032819095943,0.0,0.38792510331337093
102,0.7203244619418901,0.05867630700778639,0.4091142915167199,0.8334845594086563,0.561837177372065,0.99698568866851,0.9476166175922736,0.9999999999999823,0.9999999999999838,0.9999999888722351,0.9999999999999631,0.9713348173122746,1.0,0.9318766765114893,0.0,0.2969262339719491,0.0,0.6341531025880676,0.1412984184396898,0.0,0.5883920726326793
103,0.037446243138351806,0.012977382276603635,0.6982345203551121,0.0074168989903517,0.19480557593729125,0.7637535312456873,0.46346007467894856,0.9999999864194266,0.9999999994308113,0.9809222388207043,0.9999999935911561,0.0,0.2662819957616257,0.18235895736766985,0.0,0.18286165122757128,0.0,0.012733932984794766,0.06187069497859168,0.0,0.37915060809119766
104,0.03209677983287298,0.0,0.6977186700846145,0.008762792271248727,0.11317736897228489,0.9259833495980798,0.8943202875398634,0.9999999999983222,0.9999999999999671,0.9999999935683196,0.9999999976963078,0.9581946315385992,0.7277218678779946,0.39019511870671686,0.41429610572033265,0.31656367211785796,0.0,0.4176269855236274,0.0,0.0,0.4690471280243716
105,0.044753679941260796,0.02122728958101582,0.7024478745779007,0.014404481705716314,0.15987585025427342,0.9827385814720537,0.9301812215722176,0.9999918920911818,0.9999999999999696,0.9999999728215584,0.999999984268686,0.975061765247858,0.7256154176199825,0.7113995092845936,0.10683699701629018,0.5079575679394119,0.0,0.21168761343767128,0.015662032473570234,0.0,0.44855508071461336
106,0.04695640012586973,0.021041898405635723,0.5134095079784724,0.5048100538574074,0.6771362861194486,0.9659944781082773,0.9296043126465673,0.9999999999994487,0.9999999999999668,0.9999999734091753,0.9999999999997595,0.9702172817370949,1.0,0.5039599637971909,0.0,0.3482165844537531,0.9998716876687307,0.999440589974023,0.21148872688171277,0.0,0.6519472927716848
107,0.7365826414461032,0.01232851316277341,0.39600511502781355,0.27962841551822676,0.46417552019321734,0.994630408741604,0.9299931426875517,1.0,0.9999999999999805,0.9999999764572632,0.9999999999999625,0.9796451267299698,0.9960195582983452,0.9597836596339304,0.0,0.3005873066298205,0.03541123132104048,0.8247108716665338,0.2612444261779591,0.0,0.5991433479603664
108,0.819481838537114,0.0330923248053391,0.6408989789495998,0.03461395118295527,0.33967884868051884,0.8939914228383233,0.8234410792784193,0.9999999999994715,0.9999999999999671,0.9999999749492224,0.9999999999997459,0.322825688986412,0.8519928515088264,0.8749686818810753,0.0,0.2968250845473487,0.9998862672014417,0.99660723885941,0.3928195504499079,0.016125066717706315,0.5889723907570174
109,0.05880913254781301,0.01612903225806439,0.6972685993788114,0.004719844812041991,0.1598389344587936,0.806716408665119,0.7691500798358873,0.785904809777801,0.9999998973275208,0.9724198947981119,0.9839918140941587,0.7556849211026012,0.27697028138538476,0.4604361660431112,0.0,0.05063036071418665,0.0,0.02151166824857285,0.0,0.0,0.3765470477795074
110,0.5629523398482571,0.01668520578420467,0.46326126393866485,0.14013224614090486,0.6482856669897877,0.8990574377268592,0.7667888973195199,0.9999999999997509,1.0,0.9999999717192468,0.9999999999999717,0.9725546134889288,1.0,0.9497492489684535,0.0,0.2591377181218386,0.0015735733206820597,0.9201479562960447,0.2386286947089849,0.0,0.6376188846061696
111,0.05377434355442117,0.01047460140897289,0.5227588741114092,0.04504264861886115,0.13703143341179225,0.9791808233099005,0.9186394266893105,0.9999999999997712,0.9999999999999885,0.9999999746081937,0.9999999999999657,0.9734475466754137,0.931031683233265,0.9691094709459622,0.0,0.26051613918319216,0.008581743156783422,0.6236818116449019,0.2796814568093591,0.0,0.5205848159474229
112,0.6971784248103213,0.032628846866888966,0.6853036427691505,0.028635129976198968,0.2632825301719544,0.41466937619015487,0.7620028627479062,0.9999999999994733,0.9999999999999671,0.999999964500324,0.999999999999749,0.9553496582095822,0.24714085025419105,0.5489737837544912,0.0,0.27655029487977695,0.0,0.914700022959213,0.21075988269346937,0.0,0.5039431238118905
113,0.6329149352819831,0.02660363366703728,0.6922572357277433,0.04916461160690346,0.40274302233566694,0.794307926905396,0.8312775364347221,0.9999999999996793,0.9999999999999816,0.9999999844770183,0.9999999999999446,0.9696639897334667,0.8943654449258126,0.9809751904216766,0.0,0.28623493084584756,0.06911765061038111,0.9773832383548147,0.3436901017796419,0.004313907767246872,0.599723295950449
114,0.5727771756232299,0.0377271041898404,0.694756858078261,0.035282947178443394,0.3086400466597699,0.5105620789646541,0.7766250720648683,0.9999999999996206,0.9999999999999789,0.9999999676522252,0.99999999999991,0.1426064523400999,0.5654344821524955,0.9975875315195171,0.0,0.286395487703053,0.0,0.9732429959947768,0.4329977030211102,0.010738658709028605,0.5514140888512719
115,0.8203559316107828,0.09612532443455675,0.6679049451378377,0.0449939228963859,0.44259178071963623,0.08425344702166625,0.0,0.9999999999994722,0.9999999999999715,0.9999999733600115,0.9999999999997783,0.9732229431180529,0.22462428315270092,0.6901725767763458,0.0,0.2486001582689403,0.9999766727476626,0.9864435086887118,0.4385962968365193,0.0,0.5358771355865939
116,0.012167406734030278,0.017334074898034686,0.6921793383208826,0.009945387282517051,0.25800541779876507,0.8477565895438907,0.8047901440881008,0.9999999999995192,0.9999999999999575,0.9999999663116578,0.999999891668552,0.9362474486753005,0.4925494092228426,0.5735346113218823,0.07335079964531795,0.2017403313545573,0.0,0.2870797595703732,0.0294776626371712,0.0,0.44746755853985837
117,0.6881227906716549,0.017612161661104932,0.5280974073144387,0.05281511590445365,0.644116951080554,0.8824635856028902,0.7986158296395351,0.9999999999996948,0.9999999999999805,0.9999999877666318,0.9999999999999523,0.8437311096482608,0.8497208169140114,0.9575821408581789,0.0,0.26604920196992315,0.03147729874520111,0.9340378239976932,0.39529759344868876,0.0032379925322728693,0.6230080922551195
118,0.06737526659906996,0.018075639599555063,0.6979610158492778,0.010834308964588021,0.11577624097406512,0.6527014893247274,0.7789110715298139,0.999999999999536,0.9999999999999671,0.9999999625712124,0.9999999999997514,0.6108470391750113,0.27812620216504186,0.5036108026335421,0.0,0.26292939699880596,0.0,0.24642158571676054,0.169415573256899,0.0,0.3997726259926123
119,0.07978742002027901,0.019651464590285335,0.723010912820366,0.021787140784158117,0.10774059548831887,0.9814930286011825,0.8017849005510546,0.9999999983451843,0.9999999999796801,0.9999999773801429,0.9999999987112385,0.997111201700636,0.9086010981561001,0.6766492918248154,0.0,0.1645005714445585,0.0,0.29420996379836173,0.015564853022727651,0.0,0.471304043117526
120,0.03629243732736617,0.006581386725991759,0.698463017790366,0.003539883609031493,0.14341878862936394,0.777936432955829,0.5919683919915847,0.9999114394986814,0.9999999960692623,0.9999981422461592,0.999982254685706,0.0,2.2290473529264423e-05,0.20736393254232083,0.0,0.14018109004633802,0.0,0.012733932984794766,0.04124712929467637,0.0,0.34393444603550677
121,0.0157337156043495,0.005747126436781441,0.6971058815082517,0.014217478959488095,0.12014707115887734,0.9341967483737308,0.6015185144486782,0.999999999617362,0.9999999999671405,0.9999999884929771,0.9999999989788667,0.9822636663708645,0.8455429432659682,0.497848357627569,0.2996436677823907,0.2958040492804498,0.0,0.3334619539709444,0.04630584195586402,0.0,0.47149086138326174
122,0.049438830810111536,0.022154245457916076,0.6982656790962831,0.003877015381320207,0.14814401045078254,0.8523022544709594,0.7653410982037043,0.9999969146424241,0.9990348103937824,0.9989042656206589,0.9976638837018148,0.8829964564543064,0.3766930804702016,0.0038365197256811493,0.0,0.2065923184093738,0.0,0.016733720198388966,0.015662032819095943,0.0,0.3844941059935353
123,1.0,0.06822395253985902,0.577188005691136,0.047348577213906756,0.5942317152304009,0.7944313290850731,0.6458835167301191,0.9999999999994701,0.9999999999999671,0.9999999750003753,0.9999999999997486,0.9717493267371401,0.40852387554910197,0.9066181553657552,0.0,0.2764918040459387,0.9998862672014417,0.9962730534384788,0.5802834282422196,0.03403649193908638,0.5776583352391008
124,0.03657214782699906,0.010845383759732869,0.6890911608626021,0.01724244644633141,0.25429076617393326,0.8580411657256332,0.8159779298832097,0.9999922310966783,0.9999999999861293,0.999999855115991,0.9999999915444996,0.9764057321738285,0.3384028253111511,0.4774372590614121,0.0,0.14039547236997152,0.0,0.8084162747668681,0.026070994766370474,0.0,0.49848881122919725
125,0.6907800448935352,0.038468668891360774,0.6741089989289503,0.04817165328497389,0.3362281444027151,0.5627882081157851,0.19195531464963647,0.9999999999994703,0.9999999999999671,0.9999999739732366,0.9999999999997475,0.960356659903048,0.5762071444788885,0.6944367950510607,0.0,0.281868608919093,0.6620569858498262,0.9930401424798927,0.3235578304614952,0.00107933085808127,0.5589664288093288
126,0.014195307856368659,0.011772339636633128,0.677917289516516,0.020379352267512224,0.11119868233456585,0.9602259479723467,0.8496202676178012,0.9999999999994424,0.9999999999978982,0.9999999802823457,0.9999999999771021,0.9536824838803024,0.8353307189792236,0.5750570325456419,0.0,0.14784885138055562,0.0,0.9931297371910688,0.0,0.0,0.5549357123454407
127,0.7420020256634384,0.05153874675565435,0.5556573111105151,0.0514191797946734,0.6580572780532995,0.8504326330228026,0.7905668814888314,0.9999999999996115,0.9999999999999737,0.9999999640925286,0.9999999999999346,0.9668664969616563,0.7772767718299365,0.9933369657493614,0.0,0.27533632261705887,0.8704731449191563,0.9961237196206503,0.4676258513295618,0.01180432706069049,0.6253883080990089
