config_id,budget,performance,hp_config.buffer_batch_size,hp_config.buffer_prio_sampling,hp_config.buffer_size,hp_config.initial_epsilon,hp_config.learning_rate,hp_config.learning_starts,hp_config.target_epsilon,hp_config.use_target_network,hp_config.buffer_alpha,hp_config.buffer_beta,hp_config.buffer_epsilon,hp_config.target_update_interval,optimisation_seed,seed
0,10000000,-16.375,64,True,955722,0.571433408961,1.0090062e-06,28504,0.0102864669795,False,0.0559859085928,0.9659757127438,5.7624872e-06,,42,0
0,10000000,-15.0625,64,True,955722,0.571433408961,1.0090062e-06,28504,0.0102864669795,False,0.0559859085928,0.9659757127438,5.7624872e-06,,42,1
0,10000000,-15.015625,64,True,955722,0.571433408961,1.0090062e-06,28504,0.0102864669795,False,0.0559859085928,0.9659757127438,5.7624872e-06,,42,2
1,10000000,-22.359375,32,True,197793,0.9609371175116,8.7778155e-05,9595,0.0338881208735,True,0.7317170963606,0.8644723916168,1.9986341e-06,613.0,42,0
1,10000000,-21.140625,32,True,197793,0.9609371175116,8.7778155e-05,9595,0.0338881208735,True,0.7317170963606,0.8644723916168,1.9986341e-06,613.0,42,1
1,10000000,-21.5625,32,True,197793,0.9609371175116,8.7778155e-05,9595,0.0338881208735,True,0.7317170963606,0.8644723916168,1.9986341e-06,613.0,42,2
2,10000000,-20.359375,16,True,219993,0.5157145928434,1.76384795e-05,10938,0.1252464555786,False,0.8093657536124,0.43283671074,4.673519e-06,,42,0
2,10000000,-23.46875,16,True,219993,0.5157145928434,1.76384795e-05,10938,0.1252464555786,False,0.8093657536124,0.43283671074,4.673519e-06,,42,1
2,10000000,-23.921875,16,True,219993,0.5157145928434,1.76384795e-05,10938,0.1252464555786,False,0.8093657536124,0.43283671074,4.673519e-06,,42,2
3,10000000,-17.828125,16,True,742000,0.9883074779163,0.0025323705703,20918,0.1459150533738,False,0.5131167889733,0.7140380371136,3.893033e-06,,42,0
3,10000000,-19.03125,16,True,742000,0.9883074779163,0.0025323705703,20918,0.1459150533738,False,0.5131167889733,0.7140380371136,3.893033e-06,,42,1
3,10000000,-18.6875,16,True,742000,0.9883074779163,0.0025323705703,20918,0.1459150533738,False,0.5131167889733,0.7140380371136,3.893033e-06,,42,2
4,10000000,-23.90625,64,True,118820,0.6394356762961,0.0274694835132,25853,0.1330368520525,False,0.0278946099794,0.7237305250096,1.0042626e-06,,42,0
4,10000000,-22.46875,64,True,118820,0.6394356762961,0.0274694835132,25853,0.1330368520525,False,0.0278946099794,0.7237305250096,1.0042626e-06,,42,1
4,10000000,-23.921875,64,True,118820,0.6394356762961,0.0274694835132,25853,0.1330368520525,False,0.0278946099794,0.7237305250096,1.0042626e-06,,42,2
5,10000000,-19.75,64,False,467984,0.6397801708984,0.0005805302226,3999,0.0347290565905,False,,,,,42,0
5,10000000,-19.453125,64,False,467984,0.6397801708984,0.0005805302226,3999,0.0347290565905,False,,,,,42,1
5,10000000,-21.78125,64,False,467984,0.6397801708984,0.0005805302226,3999,0.0347290565905,False,,,,,42,2
6,10000000,-23.515625,32,False,119858,0.6432706260641,6.32343716e-05,17412,0.039681626765,False,,,,,42,0
6,10000000,-23.609375,32,False,119858,0.6432706260641,6.32343716e-05,17412,0.039681626765,False,,,,,42,1
6,10000000,-23.953125,32,False,119858,0.6432706260641,6.32343716e-05,17412,0.039681626765,False,,,,,42,2
7,10000000,-23.734375,64,True,145380,0.5230013210109,3.0844008e-06,27670,0.052917831045,True,0.6459950854243,0.3942882269445,3.5027614e-06,1631.0,42,0
7,10000000,-22.796875,64,True,145380,0.5230013210109,3.0844008e-06,27670,0.052917831045,True,0.6459950854243,0.3942882269445,3.5027614e-06,1631.0,42,1
7,10000000,-23.640625,64,True,145380,0.5230013210109,3.0844008e-06,27670,0.052917831045,True,0.6459950854243,0.3942882269445,3.5027614e-06,1631.0,42,2
8,10000000,-20.078125,32,False,208893,0.5590824138108,0.010408895583,17072,0.050753273394,True,,,,885.0,42,0
8,10000000,-18.84375,32,False,208893,0.5590824138108,0.010408895583,17072,0.050753273394,True,,,,885.0,42,1
8,10000000,-18.296875,32,False,208893,0.5590824138108,0.010408895583,17072,0.050753273394,True,,,,885.0,42,2
9,10000000,-23.734375,64,True,798630,0.8685177783955,0.0153045079459,31112,0.0171884073477,False,0.5959698514331,0.7080335206537,4.1764602e-06,,42,0
9,10000000,-23.46875,64,True,798630,0.8685177783955,0.0153045079459,31112,0.0171884073477,False,0.5959698514331,0.7080335206537,4.1764602e-06,,42,1
9,10000000,-23.53125,64,True,798630,0.8685177783955,0.0153045079459,31112,0.0171884073477,False,0.5959698514331,0.7080335206537,4.1764602e-06,,42,2
10,10000000,-13.4375,32,False,461881,0.5215799559753,0.0005878566318,20894,0.0774561644445,False,,,,,42,0
10,10000000,-15.203125,32,False,461881,0.5215799559753,0.0005878566318,20894,0.0774561644445,False,,,,,42,1
10,10000000,-14.84375,32,False,461881,0.5215799559753,0.0005878566318,20894,0.0774561644445,False,,,,,42,2
11,10000000,-23.96875,16,False,169988,0.9936380646575,0.0162403212464,9199,0.1073349087309,False,,,,,42,0
11,10000000,-23.921875,16,False,169988,0.9936380646575,0.0162403212464,9199,0.1073349087309,False,,,,,42,1
11,10000000,-23.828125,16,False,169988,0.9936380646575,0.0162403212464,9199,0.1073349087309,False,,,,,42,2
12,10000000,-17.796875,16,True,316850,0.9902313625462,0.004285338802,20585,0.0302676227049,False,0.2170394831677,0.5889184448897,4.4324603e-06,,42,0
12,10000000,-18.84375,16,True,316850,0.9902313625462,0.004285338802,20585,0.0302676227049,False,0.2170394831677,0.5889184448897,4.4324603e-06,,42,1
12,10000000,-18.921875,16,True,316850,0.9902313625462,0.004285338802,20585,0.0302676227049,False,0.2170394831677,0.5889184448897,4.4324603e-06,,42,2
13,10000000,-22.390625,32,True,749613,0.66079138234,6.093803e-06,15202,0.0747239484555,True,0.1417857593016,0.868542831264,5.359639e-07,537.0,42,0
13,10000000,-19.421875,32,True,749613,0.66079138234,6.093803e-06,15202,0.0747239484555,True,0.1417857593016,0.868542831264,5.359639e-07,537.0,42,1
13,10000000,-20.0625,32,True,749613,0.66079138234,6.093803e-06,15202,0.0747239484555,True,0.1417857593016,0.868542831264,5.359639e-07,537.0,42,2
14,10000000,-23.84375,32,True,538222,0.5637901513978,6.03230969e-05,19141,0.1703126860494,True,0.9825548307395,0.8189013502398,1.68675331e-05,1142.0,42,0
14,10000000,-23.0625,32,True,538222,0.5637901513978,6.03230969e-05,19141,0.1703126860494,True,0.9825548307395,0.8189013502398,1.68675331e-05,1142.0,42,1
14,10000000,-23.625,32,True,538222,0.5637901513978,6.03230969e-05,19141,0.1703126860494,True,0.9825548307395,0.8189013502398,1.68675331e-05,1142.0,42,2
15,10000000,-20.671875,16,False,557566,0.5259117684112,4.09043245e-05,19402,0.0704247850421,False,,,,,42,0
15,10000000,-18.453125,16,False,557566,0.5259117684112,4.09043245e-05,19402,0.0704247850421,False,,,,,42,1
15,10000000,-20.234375,16,False,557566,0.5259117684112,4.09043245e-05,19402,0.0704247850421,False,,,,,42,2
16,10000000,-23.53125,32,True,593040,0.771776430557,0.0013757523564,27635,0.1995408305688,False,0.8779979803941,0.1362137757087,7.74480119e-05,,42,0
16,10000000,-23.96875,32,True,593040,0.771776430557,0.0013757523564,27635,0.1995408305688,False,0.8779979803941,0.1362137757087,7.74480119e-05,,42,1
16,10000000,-23.921875,32,True,593040,0.771776430557,0.0013757523564,27635,0.1995408305688,False,0.8779979803941,0.1362137757087,7.74480119e-05,,42,2
17,10000000,-17.328125,32,True,994521,0.8057271177173,0.003042664864,12665,0.0217451462443,False,0.9216334637912,0.0642140224338,3.9144863e-06,,42,0
17,10000000,-17.390625,32,True,994521,0.8057271177173,0.003042664864,12665,0.0217451462443,False,0.9216334637912,0.0642140224338,3.9144863e-06,,42,1
17,10000000,-18.96875,32,True,994521,0.8057271177173,0.003042664864,12665,0.0217451462443,False,0.9216334637912,0.0642140224338,3.9144863e-06,,42,2
18,10000000,-23.859375,64,True,833696,0.6100486070405,0.0006116836109,2783,0.042771213026,False,0.3011042324288,0.502041829333,0.0001030350255,,42,0
18,10000000,-22.515625,64,True,833696,0.6100486070405,0.0006116836109,2783,0.042771213026,False,0.3011042324288,0.502041829333,0.0001030350255,,42,1
18,10000000,-23.59375,64,True,833696,0.6100486070405,0.0006116836109,2783,0.042771213026,False,0.3011042324288,0.502041829333,0.0001030350255,,42,2
19,10000000,-24.0,16,False,337223,0.5892723310272,0.0040863415094,24020,0.0182980779751,True,,,,714.0,42,0
19,10000000,-23.3125,16,False,337223,0.5892723310272,0.0040863415094,24020,0.0182980779751,True,,,,714.0,42,1
19,10000000,-23.984375,16,False,337223,0.5892723310272,0.0040863415094,24020,0.0182980779751,True,,,,714.0,42,2
20,10000000,-18.09375,16,True,323942,0.7108519672766,0.0129693849091,23204,0.0222091672956,False,0.1836175658372,0.0564963071073,9.580682e-07,,42,0
20,10000000,-17.828125,16,True,323942,0.7108519672766,0.0129693849091,23204,0.0222091672956,False,0.1836175658372,0.0564963071073,9.580682e-07,,42,1
20,10000000,-18.25,16,True,323942,0.7108519672766,0.0129693849091,23204,0.0222091672956,False,0.1836175658372,0.0564963071073,9.580682e-07,,42,2
21,10000000,-23.53125,64,False,245907,0.9232039246573,5.27131125e-05,13336,0.1600837599148,False,,,,,42,0
21,10000000,-23.640625,64,False,245907,0.9232039246573,5.27131125e-05,13336,0.1600837599148,False,,,,,42,1
21,10000000,-23.953125,64,False,245907,0.9232039246573,5.27131125e-05,13336,0.1600837599148,False,,,,,42,2
22,10000000,-22.703125,64,False,665204,0.5576410106236,0.0001886767667,3691,0.1395614663997,True,,,,318.0,42,0
22,10000000,-23.984375,64,False,665204,0.5576410106236,0.0001886767667,3691,0.1395614663997,True,,,,318.0,42,1
22,10000000,-21.0,64,False,665204,0.5576410106236,0.0001886767667,3691,0.1395614663997,True,,,,318.0,42,2
23,10000000,-23.609375,64,True,33757,0.6485014382274,0.0356201308322,11450,0.0187927894601,True,0.0743365453881,0.1291353744146,0.0002017542924,1044.0,42,0
23,10000000,-23.515625,64,True,33757,0.6485014382274,0.0356201308322,11450,0.0187927894601,True,0.0743365453881,0.1291353744146,0.0002017542924,1044.0,42,1
23,10000000,-23.953125,64,True,33757,0.6485014382274,0.0356201308322,11450,0.0187927894601,True,0.0743365453881,0.1291353744146,0.0002017542924,1044.0,42,2
24,10000000,-23.171875,32,True,324581,0.5174325801169,2.31631102e-05,14798,0.0569968011549,False,0.686426176023,0.5964837068129,1.1698039e-06,,42,0
24,10000000,-23.625,32,True,324581,0.5174325801169,2.31631102e-05,14798,0.0569968011549,False,0.686426176023,0.5964837068129,1.1698039e-06,,42,1
24,10000000,-23.96875,32,True,324581,0.5174325801169,2.31631102e-05,14798,0.0569968011549,False,0.686426176023,0.5964837068129,1.1698039e-06,,42,2
25,10000000,-23.546875,16,True,49898,0.9395357401141,1.0129793e-06,31244,0.1267308918763,False,0.4379183760536,0.790918912052,0.0001213213321,,42,0
25,10000000,-23.28125,16,True,49898,0.9395357401141,1.0129793e-06,31244,0.1267308918763,False,0.4379183760536,0.790918912052,0.0001213213321,,42,1
25,10000000,-23.234375,16,True,49898,0.9395357401141,1.0129793e-06,31244,0.1267308918763,False,0.4379183760536,0.790918912052,0.0001213213321,,42,2
26,10000000,-18.734375,16,True,506958,0.5005147399228,0.018665897313,15022,0.0553786458726,False,0.7624931376537,0.7483786419107,7.6936042e-06,,42,0
26,10000000,-22.1875,16,True,506958,0.5005147399228,0.018665897313,15022,0.0553786458726,False,0.7624931376537,0.7483786419107,7.6936042e-06,,42,1
26,10000000,-22.578125,16,True,506958,0.5005147399228,0.018665897313,15022,0.0553786458726,False,0.7624931376537,0.7483786419107,7.6936042e-06,,42,2
27,10000000,-23.625,64,True,48861,0.8427826436145,0.0008125629377,5191,0.0797134716921,False,0.4857018777853,0.5038992719168,2.0222984e-06,,42,0
27,10000000,-22.859375,64,True,48861,0.8427826436145,0.0008125629377,5191,0.0797134716921,False,0.4857018777853,0.5038992719168,2.0222984e-06,,42,1
27,10000000,-23.34375,64,True,48861,0.8427826436145,0.0008125629377,5191,0.0797134716921,False,0.4857018777853,0.5038992719168,2.0222984e-06,,42,2
28,10000000,-23.515625,32,False,943531,0.8532378632435,0.0035099634756,25850,0.1110472890658,False,,,,,42,0
28,10000000,-23.484375,32,False,943531,0.8532378632435,0.0035099634756,25850,0.1110472890658,False,,,,,42,1
28,10000000,-23.921875,32,False,943531,0.8532378632435,0.0035099634756,25850,0.1110472890658,False,,,,,42,2
29,10000000,-23.75,64,True,521008,0.8713532606,1.5868868e-06,23039,0.1587982628265,True,0.7357818921911,0.2451678916746,9.748197e-07,130.0,42,0
29,10000000,-23.9375,64,True,521008,0.8713532606,1.5868868e-06,23039,0.1587982628265,True,0.7357818921911,0.2451678916746,9.748197e-07,130.0,42,1
29,10000000,-23.453125,64,True,521008,0.8713532606,1.5868868e-06,23039,0.1587982628265,True,0.7357818921911,0.2451678916746,9.748197e-07,130.0,42,2
30,10000000,-22.0625,16,True,62391,0.6173370191308,0.0022230642123,11576,0.0082976139598,False,0.5625588470979,0.2388196033034,2.260593e-07,,42,0
30,10000000,-23.203125,16,True,62391,0.6173370191308,0.0022230642123,11576,0.0082976139598,False,0.5625588470979,0.2388196033034,2.260593e-07,,42,1
30,10000000,-23.3125,16,True,62391,0.6173370191308,0.0022230642123,11576,0.0082976139598,False,0.5625588470979,0.2388196033034,2.260593e-07,,42,2
31,10000000,-23.484375,32,True,331953,0.5628707559033,6.4849924e-06,27118,0.16778494264,False,0.1219787208858,0.8285704948748,2.62915198e-05,,42,0
31,10000000,-23.53125,32,True,331953,0.5628707559033,6.4849924e-06,27118,0.16778494264,False,0.1219787208858,0.8285704948748,2.62915198e-05,,42,1
31,10000000,-22.96875,32,True,331953,0.5628707559033,6.4849924e-06,27118,0.16778494264,False,0.1219787208858,0.8285704948748,2.62915198e-05,,42,2
0,10000000,-23.609375,64,False,837185,0.6093424814052,0.0124945548523,30294,0.0461640030791,False,,,,,45,0
0,10000000,-22.859375,64,False,837185,0.6093424814052,0.0124945548523,30294,0.0461640030791,False,,,,,45,1
0,10000000,-23.375,64,False,837185,0.6093424814052,0.0124945548523,30294,0.0461640030791,False,,,,,45,2
1,10000000,-23.84375,32,False,748119,0.5141774068728,0.014934402983,17478,0.0409689139937,True,,,,722.0,45,0
1,10000000,-23.0625,32,False,748119,0.5141774068728,0.014934402983,17478,0.0409689139937,True,,,,722.0,45,1
1,10000000,-23.875,32,False,748119,0.5141774068728,0.014934402983,17478,0.0409689139937,True,,,,722.0,45,2
2,10000000,-23.390625,64,True,33243,0.7854928534376,1.36012803e-05,7633,0.0823745151631,True,0.1561763345887,0.122377233244,0.0001734556786,714.0,45,0
2,10000000,-23.84375,64,True,33243,0.7854928534376,1.36012803e-05,7633,0.0823745151631,True,0.1561763345887,0.122377233244,0.0001734556786,714.0,45,1
2,10000000,-23.921875,64,True,33243,0.7854928534376,1.36012803e-05,7633,0.0823745151631,True,0.1561763345887,0.122377233244,0.0001734556786,714.0,45,2
3,10000000,-23.21875,16,False,411701,0.8143097439933,1.47357092e-05,19267,0.0629314381952,False,,,,,45,0
3,10000000,-23.953125,16,False,411701,0.8143097439933,1.47357092e-05,19267,0.0629314381952,False,,,,,45,1
3,10000000,-23.453125,16,False,411701,0.8143097439933,1.47357092e-05,19267,0.0629314381952,False,,,,,45,2
4,10000000,-23.90625,16,False,720659,0.9718209633064,8.5225714e-06,12567,0.1092612371826,True,,,,1458.0,45,0
4,10000000,-23.46875,16,False,720659,0.9718209633064,8.5225714e-06,12567,0.1092612371826,True,,,,1458.0,45,1
4,10000000,-23.96875,16,False,720659,0.9718209633064,8.5225714e-06,12567,0.1092612371826,True,,,,1458.0,45,2
5,10000000,-23.5,64,True,213395,0.9882161384496,0.0003263934304,25975,0.1046347483216,False,0.7811223711873,0.2766822847631,5.1596562e-06,,45,0
5,10000000,-23.875,64,True,213395,0.9882161384496,0.0003263934304,25975,0.1046347483216,False,0.7811223711873,0.2766822847631,5.1596562e-06,,45,1
5,10000000,-23.359375,64,True,213395,0.9882161384496,0.0003263934304,25975,0.1046347483216,False,0.7811223711873,0.2766822847631,5.1596562e-06,,45,2
6,10000000,-23.125,64,True,400764,0.5844498224201,0.0100200271648,6286,0.0149095622301,False,0.6220688098835,0.51208847708,9.208922e-07,,45,0
6,10000000,-23.953125,64,True,400764,0.5844498224201,0.0100200271648,6286,0.0149095622301,False,0.6220688098835,0.51208847708,9.208922e-07,,45,1
6,10000000,-22.90625,64,True,400764,0.5844498224201,0.0100200271648,6286,0.0149095622301,False,0.6220688098835,0.51208847708,9.208922e-07,,45,2
7,10000000,-14.515625,64,False,763278,0.9605341223291,0.0325037230373,13563,0.1122036671178,False,,,,,45,0
7,10000000,-15.03125,64,False,763278,0.9605341223291,0.0325037230373,13563,0.1122036671178,False,,,,,45,1
7,10000000,-14.625,64,False,763278,0.9605341223291,0.0325037230373,13563,0.1122036671178,False,,,,,45,2
8,10000000,-23.484375,64,False,427484,0.717260978253,0.0001179796563,6508,0.0723474628352,True,,,,813.0,45,0
8,10000000,-23.828125,64,False,427484,0.717260978253,0.0001179796563,6508,0.0723474628352,True,,,,813.0,45,1
8,10000000,-23.578125,64,False,427484,0.717260978253,0.0001179796563,6508,0.0723474628352,True,,,,813.0,45,2
9,10000000,-18.796875,32,False,698799,0.7047212914512,0.0002519610575,7938,0.047675807656,True,,,,1693.0,45,0
9,10000000,-18.140625,32,False,698799,0.7047212914512,0.0002519610575,7938,0.047675807656,True,,,,1693.0,45,1
9,10000000,-19.0,32,False,698799,0.7047212914512,0.0002519610575,7938,0.047675807656,True,,,,1693.0,45,2
10,10000000,-23.171875,64,True,711095,0.7034945896494,7.4048234e-05,16088,0.0450793527892,True,0.6350236296122,0.9810977091641,8.0364333e-06,916.0,45,0
10,10000000,-23.984375,64,True,711095,0.7034945896494,7.4048234e-05,16088,0.0450793527892,True,0.6350236296122,0.9810977091641,8.0364333e-06,916.0,45,1
10,10000000,-23.140625,64,True,711095,0.7034945896494,7.4048234e-05,16088,0.0450793527892,True,0.6350236296122,0.9810977091641,8.0364333e-06,916.0,45,2
11,10000000,-16.0,16,True,800471,0.8057394694538,2.53399105e-05,30240,0.138232766471,False,0.5314778555719,0.8034343937521,0.0009292635817,,45,0
11,10000000,-12.90625,16,True,800471,0.8057394694538,2.53399105e-05,30240,0.138232766471,False,0.5314778555719,0.8034343937521,0.0009292635817,,45,1
11,10000000,-16.140625,16,True,800471,0.8057394694538,2.53399105e-05,30240,0.138232766471,False,0.5314778555719,0.8034343937521,0.0009292635817,,45,2
12,10000000,-14.765625,16,False,293356,0.882364938017,0.000109438968,13851,0.0721158164429,False,,,,,45,0
12,10000000,-16.453125,16,False,293356,0.882364938017,0.000109438968,13851,0.0721158164429,False,,,,,45,1
12,10000000,-17.21875,16,False,293356,0.882364938017,0.000109438968,13851,0.0721158164429,False,,,,,45,2
13,10000000,-23.375,64,True,862745,0.645046481314,5.5670931e-06,30331,0.1388324108738,False,0.3727037727432,0.1494158903093,0.0001450317604,,45,0
13,10000000,-23.953125,64,True,862745,0.645046481314,5.5670931e-06,30331,0.1388324108738,False,0.3727037727432,0.1494158903093,0.0001450317604,,45,1
13,10000000,-23.90625,64,True,862745,0.645046481314,5.5670931e-06,30331,0.1388324108738,False,0.3727037727432,0.1494158903093,0.0001450317604,,45,2
14,10000000,-23.515625,64,True,17544,0.8722003507817,1.3415566e-06,17045,0.1440216987989,False,0.3576959861896,0.2459915906472,1.174716e-07,,45,0
14,10000000,-23.453125,64,True,17544,0.8722003507817,1.3415566e-06,17045,0.1440216987989,False,0.3576959861896,0.2459915906472,1.174716e-07,,45,1
14,10000000,-23.65625,64,True,17544,0.8722003507817,1.3415566e-06,17045,0.1440216987989,False,0.3576959861896,0.2459915906472,1.174716e-07,,45,2
15,10000000,-23.328125,32,False,499124,0.6686581790404,0.0001286775508,26085,0.0163919845341,False,,,,,45,0
15,10000000,-23.515625,32,False,499124,0.6686581790404,0.0001286775508,26085,0.0163919845341,False,,,,,45,1
15,10000000,-23.984375,32,False,499124,0.6686581790404,0.0001286775508,26085,0.0163919845341,False,,,,,45,2
16,10000000,-23.984375,32,True,251754,0.5045953717327,0.0001154205833,11245,0.146022193149,False,0.9233093056077,0.757241595228,1.3204218e-06,,45,0
16,10000000,-23.28125,32,True,251754,0.5045953717327,0.0001154205833,11245,0.146022193149,False,0.9233093056077,0.757241595228,1.3204218e-06,,45,1
16,10000000,-23.359375,32,True,251754,0.5045953717327,0.0001154205833,11245,0.146022193149,False,0.9233093056077,0.757241595228,1.3204218e-06,,45,2
17,10000000,-23.078125,16,True,934655,0.9454945397072,0.0006447957607,32188,0.0721868444089,True,0.2480463915949,0.2768863469685,8.780282e-07,619.0,45,0
17,10000000,-23.921875,16,True,934655,0.9454945397072,0.0006447957607,32188,0.0721868444089,True,0.2480463915949,0.2768863469685,8.780282e-07,619.0,45,1
17,10000000,-23.6875,16,True,934655,0.9454945397072,0.0006447957607,32188,0.0721868444089,True,0.2480463915949,0.2768863469685,8.780282e-07,619.0,45,2
18,10000000,-23.9375,64,True,843944,0.529938948517,6.51528565e-05,27971,0.0560319357712,True,0.3863747374306,0.3437862879488,1.0101982e-06,1268.0,45,0
18,10000000,-23.8125,64,True,843944,0.529938948517,6.51528565e-05,27971,0.0560319357712,True,0.3863747374306,0.3437862879488,1.0101982e-06,1268.0,45,1
18,10000000,-23.125,64,True,843944,0.529938948517,6.51528565e-05,27971,0.0560319357712,True,0.3863747374306,0.3437862879488,1.0101982e-06,1268.0,45,2
19,10000000,-23.96875,16,False,486987,0.6988832009707,6.87033324e-05,26627,0.1708215619005,True,,,,592.0,45,0
19,10000000,-23.5625,16,False,486987,0.6988832009707,6.87033324e-05,26627,0.1708215619005,True,,,,592.0,45,1
19,10000000,-23.59375,16,False,486987,0.6988832009707,6.87033324e-05,26627,0.1708215619005,True,,,,592.0,45,2
20,10000000,-23.421875,32,True,704751,0.7504539482244,0.0047366077534,20133,0.1528614051314,False,0.436032911605,0.2055374692289,2.4045814e-06,,45,0
20,10000000,-23.578125,32,True,704751,0.7504539482244,0.0047366077534,20133,0.1528614051314,False,0.436032911605,0.2055374692289,2.4045814e-06,,45,1
20,10000000,-23.21875,32,True,704751,0.7504539482244,0.0047366077534,20133,0.1528614051314,False,0.436032911605,0.2055374692289,2.4045814e-06,,45,2
21,10000000,-22.9375,64,True,756848,0.8200679351279,0.0003696111947,24304,0.1666887629299,False,0.558986184226,0.4085578385195,1.666685e-07,,45,0
21,10000000,-23.453125,64,True,756848,0.8200679351279,0.0003696111947,24304,0.1666887629299,False,0.558986184226,0.4085578385195,1.666685e-07,,45,1
21,10000000,-23.546875,64,True,756848,0.8200679351279,0.0003696111947,24304,0.1666887629299,False,0.558986184226,0.4085578385195,1.666685e-07,,45,2
22,10000000,-22.484375,64,False,211536,0.5735151963315,0.0318602880127,23787,0.1312741398497,True,,,,1640.0,45,0
22,10000000,-21.4375,64,False,211536,0.5735151963315,0.0318602880127,23787,0.1312741398497,True,,,,1640.0,45,1
22,10000000,-23.53125,64,False,211536,0.5735151963315,0.0318602880127,23787,0.1312741398497,True,,,,1640.0,45,2
23,10000000,-18.578125,16,True,998720,0.9356449713169,1.26553385e-05,13942,0.1111534260368,False,0.8321168495289,0.0633255425168,2.4260175e-06,,45,0
23,10000000,-16.171875,16,True,998720,0.9356449713169,1.26553385e-05,13942,0.1111534260368,False,0.8321168495289,0.0633255425168,2.4260175e-06,,45,1
23,10000000,-14.296875,16,True,998720,0.9356449713169,1.26553385e-05,13942,0.1111534260368,False,0.8321168495289,0.0633255425168,2.4260175e-06,,45,2
24,10000000,-23.78125,64,True,880565,0.7617753027402,0.0004498524371,1864,0.0856080745133,False,0.3039018485323,0.7111957738409,0.0006374169056,,45,0
24,10000000,-23.109375,64,True,880565,0.7617753027402,0.0004498524371,1864,0.0856080745133,False,0.3039018485323,0.7111957738409,0.0006374169056,,45,1
24,10000000,-23.671875,64,True,880565,0.7617753027402,0.0004498524371,1864,0.0856080745133,False,0.3039018485323,0.7111957738409,0.0006374169056,,45,2
25,10000000,-19.359375,32,True,532570,0.5363128515005,0.005791731983,31991,0.1271591660639,False,0.5772029533201,0.902784646925,0.0008094305123,,45,0
25,10000000,-17.484375,32,True,532570,0.5363128515005,0.005791731983,31991,0.1271591660639,False,0.5772029533201,0.902784646925,0.0008094305123,,45,1
25,10000000,-18.8125,32,True,532570,0.5363128515005,0.005791731983,31991,0.1271591660639,False,0.5772029533201,0.902784646925,0.0008094305123,,45,2
26,10000000,-23.953125,16,True,961010,0.6298817741379,0.0030947167755,15496,0.1359714675662,False,0.8440189249858,0.455527650635,1.17748154e-05,,45,0
26,10000000,-22.234375,16,True,961010,0.6298817741379,0.0030947167755,15496,0.1359714675662,False,0.8440189249858,0.455527650635,1.17748154e-05,,45,1
26,10000000,-23.421875,16,True,961010,0.6298817741379,0.0030947167755,15496,0.1359714675662,False,0.8440189249858,0.455527650635,1.17748154e-05,,45,2
27,10000000,-22.265625,16,False,90767,0.7653455720992,6.563425e-06,15883,0.1099440856335,True,,,,1923.0,45,0
27,10000000,-23.65625,16,False,90767,0.7653455720992,6.563425e-06,15883,0.1099440856335,True,,,,1923.0,45,1
27,10000000,-23.15625,16,False,90767,0.7653455720992,6.563425e-06,15883,0.1099440856335,True,,,,1923.0,45,2
28,10000000,-23.1875,32,False,728365,0.671529237168,2.02698007e-05,3514,0.097999264352,True,,,,1179.0,45,0
28,10000000,-23.40625,32,False,728365,0.671529237168,2.02698007e-05,3514,0.097999264352,True,,,,1179.0,45,1
28,10000000,-23.59375,32,False,728365,0.671529237168,2.02698007e-05,3514,0.097999264352,True,,,,1179.0,45,2
29,10000000,-23.96875,32,True,377967,0.5362133565087,7.17258001e-05,27947,0.027133087215,False,0.3948872758431,0.0144528992693,0.0006904329837,,45,0
29,10000000,-23.984375,32,True,377967,0.5362133565087,7.17258001e-05,27947,0.027133087215,False,0.3948872758431,0.0144528992693,0.0006904329837,,45,1
29,10000000,-23.875,32,True,377967,0.5362133565087,7.17258001e-05,27947,0.027133087215,False,0.3948872758431,0.0144528992693,0.0006904329837,,45,2
30,10000000,-23.09375,16,True,825107,0.7052881582045,9.8421697e-06,25088,0.0297973189815,True,0.1931365531769,0.6834409784699,7.132266e-07,1292.0,45,0
30,10000000,-23.40625,16,True,825107,0.7052881582045,9.8421697e-06,25088,0.0297973189815,True,0.1931365531769,0.6834409784699,7.132266e-07,1292.0,45,1
30,10000000,-23.625,16,True,825107,0.7052881582045,9.8421697e-06,25088,0.0297973189815,True,0.1931365531769,0.6834409784699,7.132266e-07,1292.0,45,2
31,10000000,-23.328125,16,True,490611,0.5575148407477,0.0816871857864,24664,0.1352873167861,True,0.3208160557262,0.7277545441752,7.45155119e-05,660.0,45,0
31,10000000,-23.90625,16,True,490611,0.5575148407477,0.0816871857864,24664,0.1352873167861,True,0.3208160557262,0.7277545441752,7.45155119e-05,660.0,45,1
31,10000000,-23.921875,16,True,490611,0.5575148407477,0.0816871857864,24664,0.1352873167861,True,0.3208160557262,0.7277545441752,7.45155119e-05,660.0,45,2
0,10000000,-23.125,16,False,589718,0.6040594874342,7.7143022e-06,32658,0.0922821099908,True,,,,1792.0,44,0
0,10000000,-22.625,16,False,589718,0.6040594874342,7.7143022e-06,32658,0.0922821099908,True,,,,1792.0,44,1
0,10000000,-21.140625,16,False,589718,0.6040594874342,7.7143022e-06,32658,0.0922821099908,True,,,,1792.0,44,2
1,10000000,-23.984375,32,False,373781,0.8285381357057,0.0024930207289,31784,0.1823715676716,False,,,,,44,0
1,10000000,-23.59375,32,False,373781,0.8285381357057,0.0024930207289,31784,0.1823715676716,False,,,,,44,1
1,10000000,-22.96875,32,False,373781,0.8285381357057,0.0024930207289,31784,0.1823715676716,False,,,,,44,2
2,10000000,-23.140625,64,True,953994,0.6043025417059,1.5435701e-06,18277,0.1357825966774,True,0.8027273912211,0.119893362075,9.53616453e-05,286.0,44,0
2,10000000,-23.71875,64,True,953994,0.6043025417059,1.5435701e-06,18277,0.1357825966774,True,0.8027273912211,0.119893362075,9.53616453e-05,286.0,44,1
2,10000000,-22.875,64,True,953994,0.6043025417059,1.5435701e-06,18277,0.1357825966774,True,0.8027273912211,0.119893362075,9.53616453e-05,286.0,44,2
3,10000000,-23.625,32,False,996307,0.9932609741522,0.0007336045867,18912,0.0270444559866,True,,,,764.0,44,0
3,10000000,-23.40625,32,False,996307,0.9932609741522,0.0007336045867,18912,0.0270444559866,True,,,,764.0,44,1
3,10000000,-23.65625,32,False,996307,0.9932609741522,0.0007336045867,18912,0.0270444559866,True,,,,764.0,44,2
4,10000000,-18.546875,32,False,41086,0.9848973172523,0.0015664747714,30675,0.0671858572502,True,,,,1576.0,44,0
4,10000000,-19.75,32,False,41086,0.9848973172523,0.0015664747714,30675,0.0671858572502,True,,,,1576.0,44,1
4,10000000,-18.828125,32,False,41086,0.9848973172523,0.0015664747714,30675,0.0671858572502,True,,,,1576.0,44,2
5,10000000,-18.546875,64,False,244609,0.7241825296991,5.6650708e-06,13245,0.1621875561288,False,,,,,44,0
5,10000000,-16.796875,64,False,244609,0.7241825296991,5.6650708e-06,13245,0.1621875561288,False,,,,,44,1
5,10000000,-16.375,64,False,244609,0.7241825296991,5.6650708e-06,13245,0.1621875561288,False,,,,,44,2
6,10000000,-23.8125,64,True,905933,0.6825977671359,2.20114277e-05,2577,0.0164435021286,False,0.4222409863435,0.9587634206197,4.84414855e-05,,44,0
6,10000000,-21.984375,64,True,905933,0.6825977671359,2.20114277e-05,2577,0.0164435021286,False,0.4222409863435,0.9587634206197,4.84414855e-05,,44,1
6,10000000,-23.921875,64,True,905933,0.6825977671359,2.20114277e-05,2577,0.0164435021286,False,0.4222409863435,0.9587634206197,4.84414855e-05,,44,2
7,10000000,-17.578125,32,False,517087,0.669238746432,6.9378431e-06,7381,0.0067778259126,False,,,,,44,0
7,10000000,-18.1875,32,False,517087,0.669238746432,6.9378431e-06,7381,0.0067778259126,False,,,,,44,1
7,10000000,-19.734375,32,False,517087,0.669238746432,6.9378431e-06,7381,0.0067778259126,False,,,,,44,2
8,10000000,-18.90625,32,True,689164,0.5408633872863,0.0037429820099,29297,0.1046026900626,False,0.6726837142694,0.2383661580008,0.0001285957428,,44,0
8,10000000,-17.421875,32,True,689164,0.5408633872863,0.0037429820099,29297,0.1046026900626,False,0.6726837142694,0.2383661580008,0.0001285957428,,44,1
8,10000000,-16.71875,32,True,689164,0.5408633872863,0.0037429820099,29297,0.1046026900626,False,0.6726837142694,0.2383661580008,0.0001285957428,,44,2
9,10000000,-15.171875,64,True,537645,0.8682593019824,0.0031980389243,10845,0.0065937691434,True,0.4036028466858,0.3701287903896,7.83570436e-05,1870.0,44,0
9,10000000,-18.03125,64,True,537645,0.8682593019824,0.0031980389243,10845,0.0065937691434,True,0.4036028466858,0.3701287903896,7.83570436e-05,1870.0,44,1
9,10000000,-16.15625,64,True,537645,0.8682593019824,0.0031980389243,10845,0.0065937691434,True,0.4036028466858,0.3701287903896,7.83570436e-05,1870.0,44,2
10,10000000,-14.96875,64,False,96307,0.819796623109,1.79730428e-05,10496,0.0119347373659,False,,,,,44,0
10,10000000,-15.765625,64,False,96307,0.819796623109,1.79730428e-05,10496,0.0119347373659,False,,,,,44,1
10,10000000,-17.046875,64,False,96307,0.819796623109,1.79730428e-05,10496,0.0119347373659,False,,,,,44,2
11,10000000,-23.90625,32,False,283653,0.8624006084571,0.0377949905494,31630,0.1152361912308,True,,,,1867.0,44,0
11,10000000,-21.765625,32,False,283653,0.8624006084571,0.0377949905494,31630,0.1152361912308,True,,,,1867.0,44,1
11,10000000,-22.078125,32,False,283653,0.8624006084571,0.0377949905494,31630,0.1152361912308,True,,,,1867.0,44,2
12,10000000,-23.9375,64,False,433521,0.8482016998425,3.53502877e-05,5877,0.1735852323373,True,,,,153.0,44,0
12,10000000,-23.671875,64,False,433521,0.8482016998425,3.53502877e-05,5877,0.1735852323373,True,,,,153.0,44,1
12,10000000,-21.65625,64,False,433521,0.8482016998425,3.53502877e-05,5877,0.1735852323373,True,,,,153.0,44,2
13,10000000,-23.78125,32,False,478425,0.7584220914279,9.4615165e-06,27435,0.1907957636214,True,,,,1262.0,44,0
13,10000000,-23.953125,32,False,478425,0.7584220914279,9.4615165e-06,27435,0.1907957636214,True,,,,1262.0,44,1
13,10000000,-23.28125,32,False,478425,0.7584220914279,9.4615165e-06,27435,0.1907957636214,True,,,,1262.0,44,2
14,10000000,-23.203125,32,False,441090,0.7253373291371,6.4164585e-06,2150,0.0590027269207,True,,,,256.0,44,0
14,10000000,-15.796875,32,False,441090,0.7253373291371,6.4164585e-06,2150,0.0590027269207,True,,,,256.0,44,1
14,10000000,-23.5,32,False,441090,0.7253373291371,6.4164585e-06,2150,0.0590027269207,True,,,,256.0,44,2
15,10000000,-17.1875,64,True,598870,0.6828076396126,0.0764140324961,22427,0.0541329787925,False,0.5483089049122,0.0287866536423,7.98863937e-05,,44,0
15,10000000,-16.609375,64,True,598870,0.6828076396126,0.0764140324961,22427,0.0541329787925,False,0.5483089049122,0.0287866536423,7.98863937e-05,,44,1
15,10000000,-17.6875,64,True,598870,0.6828076396126,0.0764140324961,22427,0.0541329787925,False,0.5483089049122,0.0287866536423,7.98863937e-05,,44,2
16,10000000,-23.921875,16,False,313123,0.8069089272743,0.0034631774509,15561,0.1923267916525,True,,,,47.0,44,0
16,10000000,-23.8125,16,False,313123,0.8069089272743,0.0034631774509,15561,0.1923267916525,True,,,,47.0,44,1
16,10000000,-23.984375,16,False,313123,0.8069089272743,0.0034631774509,15561,0.1923267916525,True,,,,47.0,44,2
17,10000000,-23.25,32,False,519866,0.9249287770551,4.0719568e-05,12819,0.0219756744602,False,,,,,44,0
17,10000000,-23.5625,32,False,519866,0.9249287770551,4.0719568e-05,12819,0.0219756744602,False,,,,,44,1
17,10000000,-23.953125,32,False,519866,0.9249287770551,4.0719568e-05,12819,0.0219756744602,False,,,,,44,2
18,10000000,-23.390625,64,True,115229,0.6049472632527,0.000129956566,14588,0.1216238267198,True,0.8622974831692,0.5083452386047,4.31165775e-05,1507.0,44,0
18,10000000,-23.53125,64,True,115229,0.6049472632527,0.000129956566,14588,0.1216238267198,True,0.8622974831692,0.5083452386047,4.31165775e-05,1507.0,44,1
18,10000000,-23.546875,64,True,115229,0.6049472632527,0.000129956566,14588,0.1216238267198,True,0.8622974831692,0.5083452386047,4.31165775e-05,1507.0,44,2
19,10000000,-15.53125,64,False,222963,0.8090505115797,0.0346965716723,18830,0.0087679691507,True,,,,1795.0,44,0
19,10000000,-17.78125,64,False,222963,0.8090505115797,0.0346965716723,18830,0.0087679691507,True,,,,1795.0,44,1
19,10000000,-17.140625,64,False,222963,0.8090505115797,0.0346965716723,18830,0.0087679691507,True,,,,1795.0,44,2
20,10000000,-13.359375,32,True,365369,0.8014409265353,0.0001313281898,30855,0.1192509147367,True,0.866746282134,0.1404207847757,4.4307555e-05,1510.0,44,0
20,10000000,-17.640625,32,True,365369,0.8014409265353,0.0001313281898,30855,0.1192509147367,True,0.866746282134,0.1404207847757,4.4307555e-05,1510.0,44,1
20,10000000,-13.953125,32,True,365369,0.8014409265353,0.0001313281898,30855,0.1192509147367,True,0.866746282134,0.1404207847757,4.4307555e-05,1510.0,44,2
21,10000000,-23.3125,32,True,988112,0.9965539284355,0.0007016098478,31154,0.0758385108953,False,0.2064889673428,0.3630996814203,5.547662e-07,,44,0
21,10000000,-23.46875,32,True,988112,0.9965539284355,0.0007016098478,31154,0.0758385108953,False,0.2064889673428,0.3630996814203,5.547662e-07,,44,1
21,10000000,-23.0625,32,True,988112,0.9965539284355,0.0007016098478,31154,0.0758385108953,False,0.2064889673428,0.3630996814203,5.547662e-07,,44,2
22,10000000,-11.75,16,True,776702,0.9600759344456,6.9213233e-06,27043,0.0222659546496,False,0.0142149884663,0.970372677129,0.0001273249575,,44,0
22,10000000,-16.265625,16,True,776702,0.9600759344456,6.9213233e-06,27043,0.0222659546496,False,0.0142149884663,0.970372677129,0.0001273249575,,44,1
22,10000000,-15.40625,16,True,776702,0.9600759344456,6.9213233e-06,27043,0.0222659546496,False,0.0142149884663,0.970372677129,0.0001273249575,,44,2
23,10000000,-23.640625,32,False,811258,0.8078687684216,0.0086555916959,19484,0.1537411946514,False,,,,,44,0
23,10000000,-22.734375,32,False,811258,0.8078687684216,0.0086555916959,19484,0.1537411946514,False,,,,,44,1
23,10000000,-23.359375,32,False,811258,0.8078687684216,0.0086555916959,19484,0.1537411946514,False,,,,,44,2
24,10000000,-23.171875,16,True,317501,0.8744722885287,7.18696581e-05,18422,0.0103518374666,True,0.1554152195018,0.4645767653807,3.78355408e-05,1422.0,44,0
24,10000000,-23.5625,16,True,317501,0.8744722885287,7.18696581e-05,18422,0.0103518374666,True,0.1554152195018,0.4645767653807,3.78355408e-05,1422.0,44,1
24,10000000,-23.984375,16,True,317501,0.8744722885287,7.18696581e-05,18422,0.0103518374666,True,0.1554152195018,0.4645767653807,3.78355408e-05,1422.0,44,2
25,10000000,-23.375,16,False,940884,0.5284541368996,9.6798776e-06,24699,0.0016177156309,False,,,,,44,0
25,10000000,-23.90625,16,False,940884,0.5284541368996,9.6798776e-06,24699,0.0016177156309,False,,,,,44,1
25,10000000,-23.109375,16,False,940884,0.5284541368996,9.6798776e-06,24699,0.0016177156309,False,,,,,44,2
26,10000000,-18.46875,32,False,172748,0.6169249202167,1.18711509e-05,1159,0.1942309223414,True,,,,1261.0,44,0
26,10000000,-15.75,32,False,172748,0.6169249202167,1.18711509e-05,1159,0.1942309223414,True,,,,1261.0,44,1
26,10000000,-16.75,32,False,172748,0.6169249202167,1.18711509e-05,1159,0.1942309223414,True,,,,1261.0,44,2
27,10000000,-23.265625,16,False,266431,0.7873163597135,2.55772696e-05,11924,0.0911037540193,True,,,,669.0,44,0
27,10000000,-23.375,16,False,266431,0.7873163597135,2.55772696e-05,11924,0.0911037540193,True,,,,669.0,44,1
27,10000000,-23.953125,16,False,266431,0.7873163597135,2.55772696e-05,11924,0.0911037540193,True,,,,669.0,44,2
28,10000000,-15.546875,32,False,95875,0.6427305695782,0.0006353945557,1610,0.0112718589965,False,,,,,44,0
28,10000000,-12.9375,32,False,95875,0.6427305695782,0.0006353945557,1610,0.0112718589965,False,,,,,44,1
28,10000000,-19.25,32,False,95875,0.6427305695782,0.0006353945557,1610,0.0112718589965,False,,,,,44,2
29,10000000,-13.4375,16,False,695888,0.5723625694366,0.0261371756607,9235,0.087434520121,False,,,,,44,0
29,10000000,-17.0,16,False,695888,0.5723625694366,0.0261371756607,9235,0.087434520121,False,,,,,44,1
29,10000000,-16.8125,16,False,695888,0.5723625694366,0.0261371756607,9235,0.087434520121,False,,,,,44,2
30,10000000,-23.140625,32,False,618432,0.7928283339174,0.0135478498659,20284,0.0609138742987,True,,,,1315.0,44,0
30,10000000,-23.921875,32,False,618432,0.7928283339174,0.0135478498659,20284,0.0609138742987,True,,,,1315.0,44,1
30,10000000,-23.859375,32,False,618432,0.7928283339174,0.0135478498659,20284,0.0609138742987,True,,,,1315.0,44,2
31,10000000,-23.859375,16,True,901205,0.730322316437,0.0165734335994,19857,0.1136838239029,True,0.0734131071117,0.3925586155053,8.3575088e-06,72.0,44,0
31,10000000,-23.390625,16,True,901205,0.730322316437,0.0165734335994,19857,0.1136838239029,True,0.0734131071117,0.3925586155053,8.3575088e-06,72.0,44,1
31,10000000,-23.59375,16,True,901205,0.730322316437,0.0165734335994,19857,0.1136838239029,True,0.0734131071117,0.3925586155053,8.3575088e-06,72.0,44,2
0,10000000,-21.890625,16,True,148418,0.5145069122122,1.9249732e-06,11951,0.1244937554547,True,0.3050234656819,0.6400099407958,2.606608e-07,1916.0,43,0
0,10000000,-23.953125,16,True,148418,0.5145069122122,1.9249732e-06,11951,0.1244937554547,True,0.3050234656819,0.6400099407958,2.606608e-07,1916.0,43,1
0,10000000,-20.890625,16,True,148418,0.5145069122122,1.9249732e-06,11951,0.1244937554547,True,0.3050234656819,0.6400099407958,2.606608e-07,1916.0,43,2
1,10000000,-23.515625,32,False,429269,0.863493995984,0.0005013861359,12804,0.1397102250113,False,,,,,43,0
1,10000000,-23.203125,32,False,429269,0.863493995984,0.0005013861359,12804,0.1397102250113,False,,,,,43,1
1,10000000,-21.890625,32,False,429269,0.863493995984,0.0005013861359,12804,0.1397102250113,False,,,,,43,2
2,10000000,-20.734375,32,False,703127,0.5516762554391,0.0037800316192,13052,0.1235661655811,False,,,,,43,0
2,10000000,-23.84375,32,False,703127,0.5516762554391,0.0037800316192,13052,0.1235661655811,False,,,,,43,1
2,10000000,-22.203125,32,False,703127,0.5516762554391,0.0037800316192,13052,0.1235661655811,False,,,,,43,2
3,10000000,-23.765625,64,True,594904,0.5128864248538,0.0643115964458,7254,0.0326683618142,False,0.2955640371607,0.034873090265,1.2353812e-06,,43,0
3,10000000,-23.9375,64,True,594904,0.5128864248538,0.0643115964458,7254,0.0326683618142,False,0.2955640371607,0.034873090265,1.2353812e-06,,43,1
3,10000000,-23.609375,64,True,594904,0.5128864248538,0.0643115964458,7254,0.0326683618142,False,0.2955640371607,0.034873090265,1.2353812e-06,,43,2
4,10000000,-23.125,64,True,986125,0.5212387194213,0.0005448656506,25405,0.112231608414,False,0.0484923859366,0.7156160714111,2.64249568e-05,,43,0
4,10000000,-23.515625,64,True,986125,0.5212387194213,0.0005448656506,25405,0.112231608414,False,0.0484923859366,0.7156160714111,2.64249568e-05,,43,1
4,10000000,-23.5,64,True,986125,0.5212387194213,0.0005448656506,25405,0.112231608414,False,0.0484923859366,0.7156160714111,2.64249568e-05,,43,2
5,10000000,-23.953125,32,True,909958,0.9086077875469,0.012695447149,24109,0.143236358415,True,0.6514292644214,0.4956647376923,4.9941946e-06,1661.0,43,0
5,10000000,-23.375,32,True,909958,0.9086077875469,0.012695447149,24109,0.143236358415,True,0.6514292644214,0.4956647376923,4.9941946e-06,1661.0,43,1
5,10000000,-23.921875,32,True,909958,0.9086077875469,0.012695447149,24109,0.143236358415,True,0.6514292644214,0.4956647376923,4.9941946e-06,1661.0,43,2
6,10000000,-23.90625,32,True,521987,0.8028128028282,0.026297450649,19795,0.0222711689189,True,0.8793860715318,0.3323057195336,8.899683e-07,174.0,43,0
6,10000000,-23.625,32,True,521987,0.8028128028282,0.026297450649,19795,0.0222711689189,True,0.8793860715318,0.3323057195336,8.899683e-07,174.0,43,1
6,10000000,-23.8125,32,True,521987,0.8028128028282,0.026297450649,19795,0.0222711689189,True,0.8793860715318,0.3323057195336,8.899683e-07,174.0,43,2
7,10000000,-18.078125,32,False,9806,0.8774125622204,0.011286764081,21869,0.0530489573444,False,,,,,43,0
7,10000000,-19.015625,32,False,9806,0.8774125622204,0.011286764081,21869,0.0530489573444,False,,,,,43,1
7,10000000,-15.28125,32,False,9806,0.8774125622204,0.011286764081,21869,0.0530489573444,False,,,,,43,2
8,10000000,-15.515625,32,True,29675,0.5312546550233,0.0641080918693,24200,0.1650868841639,True,0.59551776164,0.0422578826118,0.0004989792688,1262.0,43,0
8,10000000,-15.796875,32,True,29675,0.5312546550233,0.0641080918693,24200,0.1650868841639,True,0.59551776164,0.0422578826118,0.0004989792688,1262.0,43,1
8,10000000,-17.734375,32,True,29675,0.5312546550233,0.0641080918693,24200,0.1650868841639,True,0.59551776164,0.0422578826118,0.0004989792688,1262.0,43,2
9,10000000,-23.828125,32,False,522427,0.6948307391538,0.0214360261511,1353,0.1361525050936,True,,,,1103.0,43,0
9,10000000,-23.984375,32,False,522427,0.6948307391538,0.0214360261511,1353,0.1361525050936,True,,,,1103.0,43,1
9,10000000,-23.546875,32,False,522427,0.6948307391538,0.0214360261511,1353,0.1361525050936,True,,,,1103.0,43,2
10,10000000,-17.96875,16,False,835572,0.8469613224948,0.0053265805914,25794,0.1227395894835,True,,,,1044.0,43,0
10,10000000,-17.90625,16,False,835572,0.8469613224948,0.0053265805914,25794,0.1227395894835,True,,,,1044.0,43,1
10,10000000,-17.40625,16,False,835572,0.8469613224948,0.0053265805914,25794,0.1227395894835,True,,,,1044.0,43,2
11,10000000,-22.15625,16,True,886405,0.5221768649822,0.0010602116677,3534,0.0021407735483,True,0.131105468436,0.3708216414416,1.0229117e-06,1321.0,43,0
11,10000000,-19.109375,16,True,886405,0.5221768649822,0.0010602116677,3534,0.0021407735483,True,0.131105468436,0.3708216414416,1.0229117e-06,1321.0,43,1
11,10000000,-20.421875,16,True,886405,0.5221768649822,0.0010602116677,3534,0.0021407735483,True,0.131105468436,0.3708216414416,1.0229117e-06,1321.0,43,2
12,10000000,-17.625,16,False,40974,0.7166907158273,8.3877049e-06,29508,0.1916503241056,False,,,,,43,0
12,10000000,-17.984375,16,False,40974,0.7166907158273,8.3877049e-06,29508,0.1916503241056,False,,,,,43,1
12,10000000,-17.828125,16,False,40974,0.7166907158273,8.3877049e-06,29508,0.1916503241056,False,,,,,43,2
13,10000000,-23.546875,32,True,603869,0.764309558896,5.145617e-06,26665,0.0654729758979,False,0.5464145457688,0.6294332719815,1.28537098e-05,,43,0
13,10000000,-23.125,32,True,603869,0.764309558896,5.145617e-06,26665,0.0654729758979,False,0.5464145457688,0.6294332719815,1.28537098e-05,,43,1
13,10000000,-23.4375,32,True,603869,0.764309558896,5.145617e-06,26665,0.0654729758979,False,0.5464145457688,0.6294332719815,1.28537098e-05,,43,2
14,10000000,-23.984375,32,False,86524,0.5482967247122,4.564888e-06,24278,0.0154657267294,False,,,,,43,0
14,10000000,-23.015625,32,False,86524,0.5482967247122,4.564888e-06,24278,0.0154657267294,False,,,,,43,1
14,10000000,-23.59375,32,False,86524,0.5482967247122,4.564888e-06,24278,0.0154657267294,False,,,,,43,2
15,10000000,-10.78125,32,True,75619,0.685608043186,0.0068854836075,18790,0.0587344925754,True,0.2071647781066,0.3547664288054,3.63033e-07,1746.0,43,0
15,10000000,-16.671875,32,True,75619,0.685608043186,0.0068854836075,18790,0.0587344925754,True,0.2071647781066,0.3547664288054,3.63033e-07,1746.0,43,1
15,10000000,-16.203125,32,True,75619,0.685608043186,0.0068854836075,18790,0.0587344925754,True,0.2071647781066,0.3547664288054,3.63033e-07,1746.0,43,2
16,10000000,-23.296875,32,True,263118,0.900420671286,4.0631824e-06,15192,0.0981072655682,False,0.625766843741,0.6031774955559,1.143622e-07,,43,0
16,10000000,-23.515625,32,True,263118,0.900420671286,4.0631824e-06,15192,0.0981072655682,False,0.625766843741,0.6031774955559,1.143622e-07,,43,1
16,10000000,-23.953125,32,True,263118,0.900420671286,4.0631824e-06,15192,0.0981072655682,False,0.625766843741,0.6031774955559,1.143622e-07,,43,2
17,10000000,-23.984375,64,False,272678,0.9606009373814,2.5253644e-06,6312,0.1818679769717,True,,,,400.0,43,0
17,10000000,-23.890625,64,False,272678,0.9606009373814,2.5253644e-06,6312,0.1818679769717,True,,,,400.0,43,1
17,10000000,-22.921875,64,False,272678,0.9606009373814,2.5253644e-06,6312,0.1818679769717,True,,,,400.0,43,2
18,10000000,-16.8125,32,False,371444,0.6597810497874,0.002226698197,8500,0.0040723519955,False,,,,,43,0
18,10000000,-18.390625,32,False,371444,0.6597810497874,0.002226698197,8500,0.0040723519955,False,,,,,43,1
18,10000000,-15.890625,32,False,371444,0.6597810497874,0.002226698197,8500,0.0040723519955,False,,,,,43,2
19,10000000,-23.921875,16,False,353863,0.7309703758586,1.7671286e-06,13126,0.1485698847124,False,,,,,43,0
19,10000000,-23.296875,16,False,353863,0.7309703758586,1.7671286e-06,13126,0.1485698847124,False,,,,,43,1
19,10000000,-23.5,16,False,353863,0.7309703758586,1.7671286e-06,13126,0.1485698847124,False,,,,,43,2
20,10000000,-23.90625,64,True,309592,0.6612821631021,0.002435351982,27038,0.03243550855,False,0.8382892111467,0.4261419957286,4.3297705e-06,,43,0
20,10000000,-21.25,64,True,309592,0.6612821631021,0.002435351982,27038,0.03243550855,False,0.8382892111467,0.4261419957286,4.3297705e-06,,43,1
20,10000000,-22.78125,64,True,309592,0.6612821631021,0.002435351982,27038,0.03243550855,False,0.8382892111467,0.4261419957286,4.3297705e-06,,43,2
21,10000000,-22.984375,64,True,14300,0.7272519540498,1.4137806e-06,7423,0.1567181346485,False,0.849673463351,0.7186195119115,0.0002553479529,,43,0
21,10000000,-23.59375,64,True,14300,0.7272519540498,1.4137806e-06,7423,0.1567181346485,False,0.849673463351,0.7186195119115,0.0002553479529,,43,1
21,10000000,-23.78125,64,True,14300,0.7272519540498,1.4137806e-06,7423,0.1567181346485,False,0.849673463351,0.7186195119115,0.0002553479529,,43,2
22,10000000,-23.984375,16,False,362133,0.6023911665649,0.000565211659,16553,0.0699687726384,True,,,,1204.0,43,0
22,10000000,-23.921875,16,False,362133,0.6023911665649,0.000565211659,16553,0.0699687726384,True,,,,1204.0,43,1
22,10000000,-23.96875,16,False,362133,0.6023911665649,0.000565211659,16553,0.0699687726384,True,,,,1204.0,43,2
23,10000000,-23.375,64,True,615516,0.6351559180515,0.0189733436178,6800,0.0484064082481,False,0.4486569845644,0.7892502962435,0.0001074811152,,43,0
23,10000000,-22.8125,64,True,615516,0.6351559180515,0.0189733436178,6800,0.0484064082481,False,0.4486569845644,0.7892502962435,0.0001074811152,,43,1
23,10000000,-23.46875,64,True,615516,0.6351559180515,0.0189733436178,6800,0.0484064082481,False,0.4486569845644,0.7892502962435,0.0001074811152,,43,2
24,10000000,-23.65625,64,False,655725,0.7332822206706,0.0039762588193,24187,0.0650230789888,True,,,,1449.0,43,0
24,10000000,-23.09375,64,False,655725,0.7332822206706,0.0039762588193,24187,0.0650230789888,True,,,,1449.0,43,1
24,10000000,-23.921875,64,False,655725,0.7332822206706,0.0039762588193,24187,0.0650230789888,True,,,,1449.0,43,2
25,10000000,-17.765625,32,False,478783,0.5011745625807,0.0025780044037,10568,0.0200315697313,True,,,,1760.0,43,0
25,10000000,-17.609375,32,False,478783,0.5011745625807,0.0025780044037,10568,0.0200315697313,True,,,,1760.0,43,1
25,10000000,-16.8125,32,False,478783,0.5011745625807,0.0025780044037,10568,0.0200315697313,True,,,,1760.0,43,2
26,10000000,-23.25,16,True,205199,0.8331769311588,7.3257926e-06,23193,0.1004483199354,False,0.3383547685975,0.1160058084778,1.133605e-07,,43,0
26,10000000,-23.953125,16,True,205199,0.8331769311588,7.3257926e-06,23193,0.1004483199354,False,0.3383547685975,0.1160058084778,1.133605e-07,,43,1
26,10000000,-23.375,16,True,205199,0.8331769311588,7.3257926e-06,23193,0.1004483199354,False,0.3383547685975,0.1160058084778,1.133605e-07,,43,2
27,10000000,-20.640625,64,False,491678,0.9582934931777,0.0436409921514,2072,0.0978858500658,True,,,,1811.0,43,0
27,10000000,-23.953125,64,False,491678,0.9582934931777,0.0436409921514,2072,0.0978858500658,True,,,,1811.0,43,1
27,10000000,-19.796875,64,False,491678,0.9582934931777,0.0436409921514,2072,0.0978858500658,True,,,,1811.0,43,2
28,10000000,-23.984375,16,True,598049,0.5058851516127,0.0004787083695,14754,0.1985932728388,False,0.7285653361181,0.9152261690365,1.6984554e-06,,43,0
28,10000000,-23.859375,16,True,598049,0.5058851516127,0.0004787083695,14754,0.1985932728388,False,0.7285653361181,0.9152261690365,1.6984554e-06,,43,1
28,10000000,-23.453125,16,True,598049,0.5058851516127,0.0004787083695,14754,0.1985932728388,False,0.7285653361181,0.9152261690365,1.6984554e-06,,43,2
29,10000000,-23.5,16,False,468890,0.9437467301306,0.0003777695165,18063,0.1384906193478,True,,,,1526.0,43,0
29,10000000,-23.546875,16,False,468890,0.9437467301306,0.0003777695165,18063,0.1384906193478,True,,,,1526.0,43,1
29,10000000,-23.5,16,False,468890,0.9437467301306,0.0003777695165,18063,0.1384906193478,True,,,,1526.0,43,2
30,10000000,-23.578125,16,True,48288,0.8489858414385,0.0002188980823,2844,0.1687362078404,False,0.6910253993522,0.7847327353649,0.0001869597228,,43,0
30,10000000,-23.515625,16,True,48288,0.8489858414385,0.0002188980823,2844,0.1687362078404,False,0.6910253993522,0.7847327353649,0.0001869597228,,43,1
30,10000000,-23.90625,16,True,48288,0.8489858414385,0.0002188980823,2844,0.1687362078404,False,0.6910253993522,0.7847327353649,0.0001869597228,,43,2
31,10000000,-23.484375,16,True,129956,0.9498252039009,1.69178436e-05,7418,0.184430847237,False,0.4989223406869,0.5563593440103,3.356718e-07,,43,0
31,10000000,-23.40625,16,True,129956,0.9498252039009,1.69178436e-05,7418,0.184430847237,False,0.4989223406869,0.5563593440103,3.356718e-07,,43,1
31,10000000,-23.875,16,True,129956,0.9498252039009,1.69178436e-05,7418,0.184430847237,False,0.4989223406869,0.5563593440103,3.356718e-07,,43,2
0,10000000,-13.046875,32,False,970139,0.6970310878483,2.82134324e-05,14580,0.1116401740289,False,,,,,46,0
0,10000000,-8.1875,32,False,970139,0.6970310878483,2.82134324e-05,14580,0.1116401740289,False,,,,,46,1
0,10000000,-9.375,32,False,970139,0.6970310878483,2.82134324e-05,14580,0.1116401740289,False,,,,,46,2
1,10000000,-12.28125,64,False,265797,0.5624435328654,0.0348693484368,21398,0.0698148821079,True,,,,1734.0,46,0
1,10000000,-16.984375,64,False,265797,0.5624435328654,0.0348693484368,21398,0.0698148821079,True,,,,1734.0,46,1
1,10000000,-18.109375,64,False,265797,0.5624435328654,0.0348693484368,21398,0.0698148821079,True,,,,1734.0,46,2
2,10000000,-15.421875,16,True,886641,0.7940838810609,0.0007504422424,23338,0.0080912528308,True,0.7858843679313,0.9789521450508,1.01165e-07,1206.0,46,0
2,10000000,-15.625,16,True,886641,0.7940838810609,0.0007504422424,23338,0.0080912528308,True,0.7858843679313,0.9789521450508,1.01165e-07,1206.0,46,1
2,10000000,-15.59375,16,True,886641,0.7940838810609,0.0007504422424,23338,0.0080912528308,True,0.7858843679313,0.9789521450508,1.01165e-07,1206.0,46,2
3,10000000,-18.015625,64,False,983425,0.9287489422455,0.0013216582143,28102,0.1780828591911,True,,,,595.0,46,0
3,10000000,-20.265625,64,False,983425,0.9287489422455,0.0013216582143,28102,0.1780828591911,True,,,,595.0,46,1
3,10000000,-18.921875,64,False,983425,0.9287489422455,0.0013216582143,28102,0.1780828591911,True,,,,595.0,46,2
4,10000000,-17.625,16,False,771002,0.8654608829434,4.63652724e-05,3930,0.0614291153451,True,,,,1772.0,46,0
4,10000000,-18.296875,16,False,771002,0.8654608829434,4.63652724e-05,3930,0.0614291153451,True,,,,1772.0,46,1
4,10000000,-17.5,16,False,771002,0.8654608829434,4.63652724e-05,3930,0.0614291153451,True,,,,1772.0,46,2
5,10000000,-19.40625,16,True,666968,0.5285720057788,0.0030621652914,23928,0.1036176607084,False,0.5026096769954,0.459985934947,0.0002390584723,,46,0
5,10000000,-18.0625,16,True,666968,0.5285720057788,0.0030621652914,23928,0.1036176607084,False,0.5026096769954,0.459985934947,0.0002390584723,,46,1
5,10000000,-18.359375,16,True,666968,0.5285720057788,0.0030621652914,23928,0.1036176607084,False,0.5026096769954,0.459985934947,0.0002390584723,,46,2
6,10000000,-23.171875,32,True,388047,0.623666280617,8.21425538e-05,14447,0.0075996338025,True,0.0292023658514,0.2918756368343,0.0005048853727,737.0,46,0
6,10000000,-21.859375,32,True,388047,0.623666280617,8.21425538e-05,14447,0.0075996338025,True,0.0292023658514,0.2918756368343,0.0005048853727,737.0,46,1
6,10000000,-22.796875,32,True,388047,0.623666280617,8.21425538e-05,14447,0.0075996338025,True,0.0292023658514,0.2918756368343,0.0005048853727,737.0,46,2
7,10000000,-23.890625,32,True,881060,0.6218959526155,2.85188227e-05,27439,0.0227799875986,False,0.5858192615562,0.619384819699,1.793078e-07,,46,0
7,10000000,-23.515625,32,True,881060,0.6218959526155,2.85188227e-05,27439,0.0227799875986,False,0.5858192615562,0.619384819699,1.793078e-07,,46,1
7,10000000,-23.96875,32,True,881060,0.6218959526155,2.85188227e-05,27439,0.0227799875986,False,0.5858192615562,0.619384819699,1.793078e-07,,46,2
8,10000000,-15.234375,64,True,607928,0.7892875913585,4.50752126e-05,18069,0.188224469408,False,0.8694130262696,0.1332711680754,5.612953e-07,,46,0
8,10000000,-16.734375,64,True,607928,0.7892875913585,4.50752126e-05,18069,0.188224469408,False,0.8694130262696,0.1332711680754,5.612953e-07,,46,1
8,10000000,-15.125,64,True,607928,0.7892875913585,4.50752126e-05,18069,0.188224469408,False,0.8694130262696,0.1332711680754,5.612953e-07,,46,2
9,10000000,-15.953125,64,False,39302,0.8172049144504,0.0001059680002,4011,0.0167280722448,True,,,,774.0,46,0
9,10000000,-13.953125,64,False,39302,0.8172049144504,0.0001059680002,4011,0.0167280722448,True,,,,774.0,46,1
9,10000000,-13.78125,64,False,39302,0.8172049144504,0.0001059680002,4011,0.0167280722448,True,,,,774.0,46,2
10,10000000,-23.859375,16,True,625977,0.7703613014033,1.10200154e-05,9063,0.1419840809512,True,0.683157619443,0.7328465874392,3.9990599e-06,1903.0,46,0
10,10000000,-23.96875,16,True,625977,0.7703613014033,1.10200154e-05,9063,0.1419840809512,True,0.683157619443,0.7328465874392,3.9990599e-06,1903.0,46,1
10,10000000,-23.453125,16,True,625977,0.7703613014033,1.10200154e-05,9063,0.1419840809512,True,0.683157619443,0.7328465874392,3.9990599e-06,1903.0,46,2
11,10000000,-22.75,32,True,425037,0.6020131861767,1.068411e-06,3551,0.1312090644328,True,0.3332976725465,0.0230218437776,0.0002688670958,1111.0,46,0
11,10000000,-21.828125,32,True,425037,0.6020131861767,1.068411e-06,3551,0.1312090644328,True,0.3332976725465,0.0230218437776,0.0002688670958,1111.0,46,1
11,10000000,-23.375,32,True,425037,0.6020131861767,1.068411e-06,3551,0.1312090644328,True,0.3332976725465,0.0230218437776,0.0002688670958,1111.0,46,2
12,10000000,-17.515625,32,True,242224,0.938382712953,0.0491214230386,30982,0.020088796886,True,0.6652398124025,0.3828855176826,0.0001146189324,178.0,46,0
12,10000000,-18.65625,32,True,242224,0.938382712953,0.0491214230386,30982,0.020088796886,True,0.6652398124025,0.3828855176826,0.0001146189324,178.0,46,1
12,10000000,-19.203125,32,True,242224,0.938382712953,0.0491214230386,30982,0.020088796886,True,0.6652398124025,0.3828855176826,0.0001146189324,178.0,46,2
13,10000000,-23.953125,16,False,109555,0.9493148870428,0.0007227645339,8414,0.1892673028558,True,,,,1874.0,46,0
13,10000000,-23.453125,16,False,109555,0.9493148870428,0.0007227645339,8414,0.1892673028558,True,,,,1874.0,46,1
13,10000000,-23.390625,16,False,109555,0.9493148870428,0.0007227645339,8414,0.1892673028558,True,,,,1874.0,46,2
14,10000000,-17.734375,32,True,962874,0.5176905319984,0.0011496627907,13586,0.1773734959823,True,0.8130313456873,0.6810745426309,0.0004381798344,1115.0,46,0
14,10000000,-18.125,32,True,962874,0.5176905319984,0.0011496627907,13586,0.1773734959823,True,0.8130313456873,0.6810745426309,0.0004381798344,1115.0,46,1
14,10000000,-18.859375,32,True,962874,0.5176905319984,0.0011496627907,13586,0.1773734959823,True,0.8130313456873,0.6810745426309,0.0004381798344,1115.0,46,2
15,10000000,-21.96875,64,False,241825,0.6960839782093,2.4402551e-06,26165,0.0372385093793,True,,,,1469.0,46,0
15,10000000,-22.328125,64,False,241825,0.6960839782093,2.4402551e-06,26165,0.0372385093793,True,,,,1469.0,46,1
15,10000000,-18.703125,64,False,241825,0.6960839782093,2.4402551e-06,26165,0.0372385093793,True,,,,1469.0,46,2
16,10000000,-23.984375,64,True,510018,0.7254436988705,2.487679e-06,12563,0.1756659339533,True,0.6557168888913,0.347375921077,4.91821574e-05,935.0,46,0
16,10000000,-23.90625,64,True,510018,0.7254436988705,2.487679e-06,12563,0.1756659339533,True,0.6557168888913,0.347375921077,4.91821574e-05,935.0,46,1
16,10000000,-23.765625,64,True,510018,0.7254436988705,2.487679e-06,12563,0.1756659339533,True,0.6557168888913,0.347375921077,4.91821574e-05,935.0,46,2
17,10000000,-21.828125,32,True,27822,0.6048266904951,7.12099693e-05,17405,0.0558076242936,False,0.8315448309691,0.2028500703605,1.260348e-07,,46,0
17,10000000,-23.578125,32,True,27822,0.6048266904951,7.12099693e-05,17405,0.0558076242936,False,0.8315448309691,0.2028500703605,1.260348e-07,,46,1
17,10000000,-23.765625,32,True,27822,0.6048266904951,7.12099693e-05,17405,0.0558076242936,False,0.8315448309691,0.2028500703605,1.260348e-07,,46,2
18,10000000,-22.484375,64,False,997567,0.6396117672605,4.73432002e-05,1905,0.0097445281551,False,,,,,46,0
18,10000000,-23.0625,64,False,997567,0.6396117672605,4.73432002e-05,1905,0.0097445281551,False,,,,,46,1
18,10000000,-23.46875,64,False,997567,0.6396117672605,4.73432002e-05,1905,0.0097445281551,False,,,,,46,2
19,10000000,-23.953125,32,False,948278,0.8523535881454,0.0004564016727,28993,0.1058380234035,True,,,,102.0,46,0
19,10000000,-23.59375,32,False,948278,0.8523535881454,0.0004564016727,28993,0.1058380234035,True,,,,102.0,46,1
19,10000000,-23.71875,32,False,948278,0.8523535881454,0.0004564016727,28993,0.1058380234035,True,,,,102.0,46,2
20,10000000,-23.5,16,True,969637,0.81202002904,1.3370843e-06,32289,0.0883181458212,False,0.3915256582808,0.7633716677874,0.0001899948107,,46,0
20,10000000,-23.4375,16,True,969637,0.81202002904,1.3370843e-06,32289,0.0883181458212,False,0.3915256582808,0.7633716677874,0.0001899948107,,46,1
20,10000000,-23.96875,16,True,969637,0.81202002904,1.3370843e-06,32289,0.0883181458212,False,0.3915256582808,0.7633716677874,0.0001899948107,,46,2
21,10000000,-23.921875,32,True,983990,0.756001036239,7.78607275e-05,17604,0.0572813244175,False,0.1081718481162,0.104115732243,2.5438794e-06,,46,0
21,10000000,-23.984375,32,True,983990,0.756001036239,7.78607275e-05,17604,0.0572813244175,False,0.1081718481162,0.104115732243,2.5438794e-06,,46,1
21,10000000,-23.65625,32,True,983990,0.756001036239,7.78607275e-05,17604,0.0572813244175,False,0.1081718481162,0.104115732243,2.5438794e-06,,46,2
22,10000000,-18.390625,64,True,133942,0.7493943282792,3.5997339e-06,23546,0.0283748164917,False,0.3864327390537,0.5171053861596,1.32686007e-05,,46,0
22,10000000,-18.703125,64,True,133942,0.7493943282792,3.5997339e-06,23546,0.0283748164917,False,0.3864327390537,0.5171053861596,1.32686007e-05,,46,1
22,10000000,-18.109375,64,True,133942,0.7493943282792,3.5997339e-06,23546,0.0283748164917,False,0.3864327390537,0.5171053861596,1.32686007e-05,,46,2
23,10000000,-23.9375,64,False,205257,0.7572882171519,0.0015917544165,30524,0.0390639263905,False,,,,,46,0
23,10000000,-23.984375,64,False,205257,0.7572882171519,0.0015917544165,30524,0.0390639263905,False,,,,,46,1
23,10000000,-22.78125,64,False,205257,0.7572882171519,0.0015917544165,30524,0.0390639263905,False,,,,,46,2
24,10000000,-23.9375,32,True,903194,0.7888339091061,1.0960784e-06,3738,0.1653296054634,False,0.0359337999773,0.2224590521763,1.65623009e-05,,46,0
24,10000000,-23.90625,32,True,903194,0.7888339091061,1.0960784e-06,3738,0.1653296054634,False,0.0359337999773,0.2224590521763,1.65623009e-05,,46,1
24,10000000,-23.296875,32,True,903194,0.7888339091061,1.0960784e-06,3738,0.1653296054634,False,0.0359337999773,0.2224590521763,1.65623009e-05,,46,2
25,10000000,-17.140625,32,True,1966,0.7999125370989,0.0480187131503,21138,0.1380358948971,True,0.9114583042205,0.347242248541,2.2376061e-06,1888.0,46,0
25,10000000,-17.03125,32,True,1966,0.7999125370989,0.0480187131503,21138,0.1380358948971,True,0.9114583042205,0.347242248541,2.2376061e-06,1888.0,46,1
25,10000000,-13.484375,32,True,1966,0.7999125370989,0.0480187131503,21138,0.1380358948971,True,0.9114583042205,0.347242248541,2.2376061e-06,1888.0,46,2
26,10000000,-23.484375,16,False,350860,0.6730382393325,0.0002159391493,11901,0.1955753734573,False,,,,,46,0
26,10000000,-23.28125,16,False,350860,0.6730382393325,0.0002159391493,11901,0.1955753734573,False,,,,,46,1
26,10000000,-23.96875,16,False,350860,0.6730382393325,0.0002159391493,11901,0.1955753734573,False,,,,,46,2
27,10000000,-23.90625,32,False,368117,0.7642387574928,0.0001857825749,12563,0.1985941535706,True,,,,1492.0,46,0
27,10000000,-23.3125,32,False,368117,0.7642387574928,0.0001857825749,12563,0.1985941535706,True,,,,1492.0,46,1
27,10000000,-23.640625,32,False,368117,0.7642387574928,0.0001857825749,12563,0.1985941535706,True,,,,1492.0,46,2
28,10000000,-22.8125,32,False,668316,0.7733178115209,0.0001204111441,26307,0.1210277783242,True,,,,1465.0,46,0
28,10000000,-19.640625,32,False,668316,0.7733178115209,0.0001204111441,26307,0.1210277783242,True,,,,1465.0,46,1
28,10000000,-22.25,32,False,668316,0.7733178115209,0.0001204111441,26307,0.1210277783242,True,,,,1465.0,46,2
29,10000000,-18.96875,64,False,514054,0.9915482112542,0.0001784467273,13662,0.1385340416285,False,,,,,46,0
29,10000000,-17.421875,64,False,514054,0.9915482112542,0.0001784467273,13662,0.1385340416285,False,,,,,46,1
29,10000000,-17.171875,64,False,514054,0.9915482112542,0.0001784467273,13662,0.1385340416285,False,,,,,46,2
30,10000000,-23.359375,64,True,955805,0.8368797063055,0.0191378349703,21056,0.0422420491534,False,0.3085763450009,0.9233239820526,0.0002660836783,,46,0
30,10000000,-23.171875,64,True,955805,0.8368797063055,0.0191378349703,21056,0.0422420491534,False,0.3085763450009,0.9233239820526,0.0002660836783,,46,1
30,10000000,-23.9375,64,True,955805,0.8368797063055,0.0191378349703,21056,0.0422420491534,False,0.3085763450009,0.9233239820526,0.0002660836783,,46,2
31,10000000,-18.359375,16,False,516521,0.7799991898897,6.68377477e-05,10236,0.1994976965012,True,,,,1822.0,46,0
31,10000000,-17.4375,16,False,516521,0.7799991898897,6.68377477e-05,10236,0.1994976965012,True,,,,1822.0,46,1
31,10000000,-20.296875,16,False,516521,0.7799991898897,6.68377477e-05,10236,0.1994976965012,True,,,,1822.0,46,2
