config_id,budget,performance,hp_config.buffer_batch_size,hp_config.buffer_prio_sampling,hp_config.buffer_size,hp_config.learning_rate,hp_config.learning_starts,hp_config.reward_scale,hp_config.use_target_network,hp_config.buffer_alpha,hp_config.buffer_beta,hp_config.buffer_epsilon,hp_config.tau,optimisation_seed,seed
0,50000,-0.5538996239265273,1024,True,38218,0.0034702669887,5311,1.6722697006184,False,0.4615092843749,0.0559859085928,6.73224892e-05,,42,0
0,50000,-0.0097444515485551,1024,True,38218,0.0034702669887,5311,1.6722697006184,False,0.4615092843749,0.0559859085928,6.73224892e-05,,42,1
0,50000,-1.7009030709119437,1024,True,38218,0.0034702669887,5311,1.6722697006184,False,0.4615092843749,0.0559859085928,6.73224892e-05,,42,2
1,50000,-0.036732057581917,512,False,73433,0.0429827629782,7869,0.348897665489,True,,,,0.3771100696763,42,0
1,50000,-0.0143058247322485,512,False,73433,0.0429827629782,7869,0.348897665489,True,,,,0.3771100696763,42,1
1,50000,-0.00497846524842,512,False,73433,0.0429827629782,7869,0.348897665489,True,,,,0.3771100696763,42,2
2,50000,-0.0001379271184065,1024,False,99830,0.0001373109247,5116,0.6618595597183,False,,,,,42,0
2,50000,-1.457428625128094,1024,False,99830,0.0001373109247,5116,0.6618595597183,False,,,,,42,1
2,50000,-0.0039722193794474,1024,False,99830,0.0001373109247,5116,0.6618595597183,False,,,,,42,2
3,50000,-0.0019837912782491,1024,False,53757,5.5009114e-06,854,0.301386490468,False,,,,,42,0
3,50000,-0.006750949974281,1024,False,53757,5.5009114e-06,854,0.301386490468,False,,,,,42,1
3,50000,-0.0032348732876534,1024,False,53757,5.5009114e-06,854,0.301386490468,False,,,,,42,2
4,50000,-0.0373163624321298,256,True,17670,0.0003829829644,7158,5.1599867182124,False,0.0191050811005,0.5532464514729,1.53548e-08,,42,0
4,50000,-0.0169937955509113,256,True,17670,0.0003829829644,7158,5.1599867182124,False,0.0191050811005,0.5532464514729,1.53548e-08,,42,1
4,50000,-0.0623892796832909,256,True,17670,0.0003829829644,7158,5.1599867182124,False,0.0191050811005,0.5532464514729,1.53548e-08,,42,2
5,50000,-0.0045510414094259,512,True,50401,0.000290127215,7679,5.8477398598322,True,0.3015044031489,0.5612332498338,1.1886011e-06,0.7433609315767,42,0
5,50000,-0.0033357200584646,512,True,50401,0.000290127215,7679,5.8477398598322,True,0.3015044031489,0.5612332498338,1.1886011e-06,0.7433609315767,42,1
5,50000,-0.000438614829131,512,True,50401,0.000290127215,7679,5.8477398598322,True,0.3015044031489,0.5612332498338,1.1886011e-06,0.7433609315767,42,2
6,50000,2.2250738585072014e-308,1024,False,90936,0.0032347028136,5919,9.1977537187525,True,,,,0.4445817064986,42,0
6,50000,2.2250738585072014e-308,1024,False,90936,0.0032347028136,5919,9.1977537187525,True,,,,0.4445817064986,42,1
6,50000,2.2250738585072014e-308,1024,False,90936,0.0032347028136,5919,9.1977537187525,True,,,,0.4445817064986,42,2
7,50000,-0.6027950445995924,256,True,6261,2.50997551e-05,8130,3.2786285845111,False,0.0269894908134,0.6532759458163,1.1927e-09,,42,0
7,50000,-0.1203387941985912,256,True,6261,2.50997551e-05,8130,3.2786285845111,False,0.0269894908134,0.6532759458163,1.1927e-09,,42,1
7,50000,-0.0329581546659591,256,True,6261,2.50997551e-05,8130,3.2786285845111,False,0.0269894908134,0.6532759458163,1.1927e-09,,42,2
8,50000,91.45618662463092,512,True,98880,9.5269892e-06,2082,2.4309762581888,True,0.7531086041244,0.7786488311346,5.6800916e-06,0.8281928914467,42,0
8,50000,-0.0066774647122802,512,True,98880,9.5269892e-06,2082,2.4309762581888,True,0.7531086041244,0.7786488311346,5.6800916e-06,0.8281928914467,42,1
8,50000,-0.0760349067320893,512,True,98880,9.5269892e-06,2082,2.4309762581888,True,0.7531086041244,0.7786488311346,5.6800916e-06,0.8281928914467,42,2
9,50000,-0.040029585337419,256,True,6510,0.0005868339914,7860,0.7639430825545,False,0.8400959561263,0.1551387734751,2.52231802e-05,,42,0
9,50000,-0.0002154585921373,256,True,6510,0.0005868339914,7860,0.7639430825545,False,0.8400959561263,0.1551387734751,2.52231802e-05,,42,1
9,50000,-0.0059217468866287,256,True,6510,0.0005868339914,7860,0.7639430825545,False,0.8400959561263,0.1551387734751,2.52231802e-05,,42,2
10,50000,2.2250738585072014e-308,1024,True,31379,0.0017621850424,7576,4.0199300682792,True,0.5583157415573,0.4599956541201,2.5399e-08,0.2846073711513,42,0
10,50000,2.2250738585072014e-308,1024,True,31379,0.0017621850424,7576,4.0199300682792,True,0.5583157415573,0.4599956541201,2.5399e-08,0.2846073711513,42,1
10,50000,2.2250738585072014e-308,1024,True,31379,0.0017621850424,7576,4.0199300682792,True,0.5583157415573,0.4599956541201,2.5399e-08,0.2846073711513,42,2
11,50000,-0.013850478988305,256,True,36571,2.4043733e-06,9,0.1129104007911,True,0.8308725784994,0.0235352451787,3.67983852e-05,0.2486739840063,42,0
11,50000,-0.0015613735676339,256,True,36571,2.4043733e-06,9,0.1129104007911,True,0.8308725784994,0.0235352451787,3.67983852e-05,0.2486739840063,42,1
11,50000,-0.0025453222354592,256,True,36571,2.4043733e-06,9,0.1129104007911,True,0.8308725784994,0.0235352451787,3.67983852e-05,0.2486739840063,42,2
12,50000,-0.0350901267905229,256,False,50946,0.0005748230754,3374,6.4018002243503,True,,,,0.6370668457736,42,0
12,50000,-0.0015373229379951,256,False,50946,0.0005748230754,3374,6.4018002243503,True,,,,0.6370668457736,42,1
12,50000,-0.0001616236116632,256,False,50946,0.0005748230754,3374,6.4018002243503,True,,,,0.6370668457736,42,2
13,50000,-0.19181463271124,1024,False,76721,6.9931898e-06,6376,0.1529611614041,False,,,,,42,0
13,50000,-2.715315857512688,1024,False,76721,6.9931898e-06,6376,0.1529611614041,False,,,,,42,1
13,50000,89.02578815113763,1024,False,76721,6.9931898e-06,6376,0.1529611614041,False,,,,,42,2
14,50000,-0.0041338033052498,256,True,115837,0.0009288856801,4206,0.4730354272289,False,0.1107646478942,0.2922442170069,1.127156e-07,,42,0
14,50000,-0.0051562461195781,256,True,115837,0.0009288856801,4206,0.4730354272289,False,0.1107646478942,0.2922442170069,1.127156e-07,,42,1
14,50000,-0.0129787169018326,256,True,115837,0.0009288856801,4206,0.4730354272289,False,0.1107646478942,0.2922442170069,1.127156e-07,,42,2
15,50000,-0.0041366327259732,256,True,31129,0.0003451849827,1828,1.5408706931869,False,0.2620942482161,0.4177225050058,4.183e-09,,42,0
15,50000,-0.2263607085048917,256,True,31129,0.0003451849827,1828,1.5408706931869,False,0.2620942482161,0.4177225050058,4.183e-09,,42,1
15,50000,-1.3473309621587485e-05,256,True,31129,0.0003451849827,1828,1.5408706931869,False,0.2620942482161,0.4177225050058,4.183e-09,,42,2
16,50000,-0.0306372845039188,512,True,21635,0.002599622679,5984,0.5137181425855,True,0.6314309725407,0.5381264810566,1.74761e-08,0.8779979803941,42,0
16,50000,-0.0175437559455136,512,True,21635,0.002599622679,5984,0.5137181425855,True,0.6314309725407,0.5381264810566,1.74761e-08,0.8779979803941,42,1
16,50000,-0.0290556352490555,512,True,21635,0.002599622679,5984,0.5137181425855,True,0.6314309725407,0.5381264810566,1.74761e-08,0.8779979803941,42,2
17,50000,-0.0068835706940466,1024,False,17502,1.81549599e-05,6166,1.0274894178786,False,,,,,42,0
17,50000,-0.0741904728158656,1024,False,17502,1.81549599e-05,6166,1.0274894178786,False,,,,,42,1
17,50000,-0.010159561716603,1024,False,17502,1.81549599e-05,6166,1.0274894178786,False,,,,,42,2
18,50000,-0.004250539727882,512,True,109642,0.0048697452264,1990,3.6390784251482,True,0.4204778824898,0.0764057126145,8.9834e-09,0.7777723405281,42,0
18,50000,-0.0073477907058519,512,True,109642,0.0048697452264,1990,3.6390784251482,True,0.4204778824898,0.0764057126145,8.9834e-09,0.7777723405281,42,1
18,50000,-0.0016449243733509,512,True,109642,0.0048697452264,1990,3.6390784251482,True,0.4204778824898,0.0764057126145,8.9834e-09,0.7777723405281,42,2
19,50000,-0.0270172516600138,512,True,100809,6.0361912e-06,7221,2.0206552134345,False,0.9449656283215,0.6369083671619,1.6391844e-06,,42,0
19,50000,-0.0222072244395834,512,True,100809,6.0361912e-06,7221,2.0206552134345,False,0.9449656283215,0.6369083671619,1.6391844e-06,,42,1
19,50000,-0.0117027403029627,512,True,100809,6.0361912e-06,7221,2.0206552134345,False,0.9449656283215,0.6369083671619,1.6391844e-06,,42,2
20,50000,-0.0014368204654687,512,False,46672,0.0002266351478,4033,4.6758489549407,True,,,,0.8397258935465,42,0
20,50000,-0.2100398529955623,512,False,46672,0.0002266351478,4033,4.6758489549407,True,,,,0.8397258935465,42,1
20,50000,-0.2358091371178186,512,False,46672,0.0002266351478,4033,4.6758489549407,True,,,,0.8397258935465,42,2
21,50000,-0.0017137855804246,512,False,54026,3.05920498e-05,6212,4.8201363174463,False,,,,,42,0
21,50000,-0.0167973486706519,512,False,54026,3.05920498e-05,6212,4.8201363174463,False,,,,,42,1
21,50000,-0.0102130470687419,512,False,54026,3.05920498e-05,6212,4.8201363174463,False,,,,,42,2
22,50000,-8.066357010682519e-05,256,False,63576,1.5744688e-06,390,8.7521850264107,False,,,,,42,0
22,50000,2.2250738585072014e-308,256,False,63576,1.5744688e-06,390,8.7521850264107,False,,,,,42,1
22,50000,-0.0023824956453438,256,False,63576,1.5744688e-06,390,8.7521850264107,False,,,,,42,2
23,50000,2.2250738585072014e-308,256,True,52208,0.0008012831979,4435,0.3913958720106,True,0.1331931817239,0.9825072099293,5.209117e-06,0.8323360925731,42,0
23,50000,2.2250738585072014e-308,256,True,52208,0.0008012831979,4435,0.3913958720106,True,0.1331931817239,0.9825072099293,5.209117e-06,0.8323360925731,42,1
23,50000,2.2250738585072014e-308,256,True,52208,0.0008012831979,4435,0.3913958720106,True,0.1331931817239,0.9825072099293,5.209117e-06,0.8323360925731,42,2
24,50000,-1.5677271513615394,512,False,77922,2.00063029e-05,7906,1.4460137268086,True,,,,0.8840772064461,42,0
24,50000,-0.5184003215425221,512,False,77922,2.00063029e-05,7906,1.4460137268086,True,,,,0.8840772064461,42,1
24,50000,7.666174293521162,512,False,77922,2.00063029e-05,7906,1.4460137268086,True,,,,0.8840772064461,42,2
25,50000,-0.0005169564898365,1024,False,114016,0.0153132242272,6150,4.3640913707915,True,,,,0.1114846307108,42,0
25,50000,-0.0101096395741264,1024,False,114016,0.0153132242272,6150,4.3640913707915,True,,,,0.1114846307108,42,1
25,50000,-0.0223308070953029,1024,False,114016,0.0153132242272,6150,4.3640913707915,True,,,,0.1114846307108,42,2
26,50000,-0.0435878894698065,256,True,68913,0.0001697428677,7813,1.1325260294561,False,0.9513549266279,0.6421406881874,2.9545818e-05,,42,0
26,50000,-0.0677100858637692,256,True,68913,0.0001697428677,7813,1.1325260294561,False,0.9513549266279,0.6421406881874,2.9545818e-05,,42,1
26,50000,-0.0005412372405573,256,True,68913,0.0001697428677,7813,1.1325260294561,False,0.9513549266279,0.6421406881874,2.9545818e-05,,42,2
27,50000,-0.0005160280194966,256,False,62812,0.0402012205658,1875,0.4485913839788,True,,,,0.564052196652,42,0
27,50000,-0.0059669399172234,256,False,62812,0.0402012205658,1875,0.4485913839788,True,,,,0.564052196652,42,1
27,50000,-0.0003375903234122,256,False,62812,0.0402012205658,1875,0.4485913839788,True,,,,0.564052196652,42,2
28,50000,-0.0039311824843232,256,False,99417,1.6066359e-06,2056,7.8469507213957,True,,,,0.6621206977459,42,0
28,50000,-0.002478889394901,256,False,99417,1.6066359e-06,2056,7.8469507213957,True,,,,0.6621206977459,42,1
28,50000,-0.0026357738198974,256,False,99417,1.6066359e-06,2056,7.8469507213957,True,,,,0.6621206977459,42,2
29,50000,-0.0209136480139728,256,True,112846,0.0043235984137,6675,1.5000880665332,False,0.5964268253074,0.7357818921911,1.54069e-08,,42,0
29,50000,-0.0021706303731115,256,True,112846,0.0043235984137,6675,1.5000880665332,False,0.5964268253074,0.7357818921911,1.54069e-08,,42,1
29,50000,-0.0070836227268991,256,True,112846,0.0043235984137,6675,1.5000880665332,False,0.5964268253074,0.7357818921911,1.54069e-08,,42,2
30,50000,-0.0335236604848576,512,True,109566,9.62274288e-05,5724,1.7151020783439,True,0.7839724265466,0.5445067811072,1.8134e-09,0.1122758675528,42,0
30,50000,-0.013556183081065,512,True,109566,9.62274288e-05,5724,1.7151020783439,True,0.7839724265466,0.5445067811072,1.8134e-09,0.1122758675528,42,1
30,50000,-0.0313514393985222,512,True,109566,9.62274288e-05,5724,1.7151020783439,True,0.7839724265466,0.5445067811072,1.8134e-09,0.1122758675528,42,2
31,50000,-0.3945041444779461,1024,False,57527,0.0021593412825,891,0.2945252861925,True,,,,0.9774024423791,42,0
31,50000,-0.0882532742533028,1024,False,57527,0.0021593412825,891,0.2945252861925,True,,,,0.9774024423791,42,1
31,50000,-0.0295114562630084,1024,False,57527,0.0021593412825,891,0.2945252861925,True,,,,0.9774024423791,42,2
0,50000,-0.0043598507809628,1024,False,50753,0.0013707505017,3089,2.2188911513985,False,,,,,45,0
0,50000,-0.0288778215028304,1024,False,50753,0.0013707505017,3089,2.2188911513985,False,,,,,45,1
0,50000,-0.0007335052710762,1024,False,50753,0.0013707505017,3089,2.2188911513985,False,,,,,45,2
1,50000,-0.0132557857170165,1024,False,74741,7.96518657e-05,6250,2.8055934679493,False,,,,,45,0
1,50000,-0.008337668666468,1024,False,74741,7.96518657e-05,6250,2.8055934679493,False,,,,,45,1
1,50000,-0.0015467854191858,1024,False,74741,7.96518657e-05,6250,2.8055934679493,False,,,,,45,2
2,50000,-0.0211430038677798,512,True,109636,0.0143394216901,5214,0.5459238550791,True,0.1375964434659,0.1561763345887,3.6946e-09,0.8116991592883,45,0
2,50000,-0.0025614295962301,512,True,109636,0.0143394216901,5214,0.5459238550791,True,0.1375964434659,0.1561763345887,3.6946e-09,0.8116991592883,45,1
2,50000,-0.0079958846173091,512,True,109636,0.0143394216901,5214,0.5459238550791,True,0.1375964434659,0.1561763345887,3.6946e-09,0.8116991592883,45,2
3,50000,-0.0712977483604827,512,False,90613,3.7596521e-06,1791,0.4596984263837,False,,,,,45,0
3,50000,-0.000342030872068,512,False,90613,3.7596521e-06,1791,0.4596984263837,False,,,,,45,1
3,50000,-0.1000042179352977,512,False,90613,3.7596521e-06,1791,0.4596984263837,False,,,,,45,2
4,50000,-0.0141657296462387,1024,True,43020,1.6527489e-06,2049,0.5782488095523,True,0.1863675602913,0.6875478373773,1.06884e-08,0.3167090933,45,0
4,50000,-0.0124127709052139,1024,True,43020,1.6527489e-06,2049,0.5782488095523,True,0.1863675602913,0.6875478373773,1.06884e-08,0.3167090933,45,1
4,50000,-0.0217471564193434,1024,True,43020,1.6527489e-06,2049,0.5782488095523,True,0.1863675602913,0.6875478373773,1.06884e-08,0.3167090933,45,2
5,50000,-0.2707348134096815,256,False,21594,7.10994368e-05,5059,1.1269734304445,False,,,,,45,0
5,50000,-0.4862184981955495,256,False,21594,7.10994368e-05,5059,1.1269734304445,False,,,,,45,1
5,50000,-0.0855576558763401,256,False,21594,7.10994368e-05,5059,1.1269734304445,False,,,,,45,2
6,50000,-0.0064466004589309,256,True,95817,0.0162995222149,6524,8.0822145111786,True,0.7795394490169,0.9892537294502,7.36745223e-05,0.4821461789187,45,0
6,50000,-0.0012039582887114,256,True,95817,0.0162995222149,6524,8.0822145111786,True,0.7795394490169,0.9892537294502,7.36745223e-05,0.4821461789187,45,1
6,50000,-0.0019921338867926,256,True,95817,0.0162995222149,6524,8.0822145111786,True,0.7795394490169,0.9892537294502,7.36745223e-05,0.4821461789187,45,2
7,50000,-0.0035166063599102,256,True,90906,0.0874219477715,2925,4.2110925928434,True,0.6930720801123,0.4700076342869,1.049e-07,0.4254983819992,45,0
7,50000,-0.0027314358314655,256,True,90906,0.0874219477715,2925,4.2110925928434,True,0.6930720801123,0.4700076342869,1.049e-07,0.4254983819992,45,1
7,50000,-0.0007075715115538,256,True,90906,0.0874219477715,2925,4.2110925928434,True,0.6930720801123,0.4700076342869,1.049e-07,0.4254983819992,45,2
8,50000,-0.0122115963921539,256,True,63259,0.0006135088898,476,3.4412647272736,False,0.8003747375479,0.1955803166876,6.397309e-07,,45,0
8,50000,-0.0052843890982972,256,True,63259,0.0006135088898,476,3.4412647272736,False,0.8003747375479,0.1955803166876,6.397309e-07,,45,1
8,50000,-0.0156444808170385,256,True,63259,0.0006135088898,476,3.4412647272736,False,0.8003747375479,0.1955803166876,6.397309e-07,,45,2
9,50000,-0.2172749501766174,512,False,87852,1.1852177e-06,567,0.2122408515812,True,,,,0.9463539820267,45,0
9,50000,-0.2220164533212714,512,False,87852,1.1852177e-06,567,0.2122408515812,True,,,,0.9463539820267,45,1
9,50000,-0.0043630998875612,512,False,87852,1.1852177e-06,567,0.2122408515812,True,,,,0.9463539820267,45,2
10,50000,-0.0135145451275382,1024,False,108542,0.0004176065805,7886,4.4010263691251,True,,,,0.0406212207843,45,0
10,50000,-0.003982040888335,1024,False,108542,0.0004176065805,7886,4.4010263691251,True,,,,0.0406212207843,45,1
10,50000,-0.0274763052796616,1024,False,108542,0.0004176065805,7886,4.4010263691251,True,,,,0.0406212207843,45,2
11,50000,-0.0048613482059282,512,True,22243,5.9254687e-05,2165,0.2016375866963,False,0.2879534050232,0.7706115189055,7.5818906e-06,,45,0
11,50000,-0.0132014916884675,512,True,22243,5.9254687e-05,2165,0.2016375866963,False,0.2879534050232,0.7706115189055,7.5818906e-06,,45,1
11,50000,-0.0007347941379121,512,True,22243,5.9254687e-05,2165,0.2016375866963,False,0.2879534050232,0.7706115189055,7.5818906e-06,,45,2
12,50000,-0.0399414639486848,256,False,35773,0.0007792150765,2464,1.0036522662725,False,,,,,45,0
12,50000,-0.0183658511510694,256,False,35773,0.0007792150765,2464,1.0036522662725,False,,,,,45,1
12,50000,-0.0010350448086271,256,False,35773,0.0007792150765,2464,1.0036522662725,False,,,,,45,2
13,50000,-0.3327388791989624,512,False,53602,0.0069485031392,4429,0.5074864908478,True,,,,0.41661153089,45,0
13,50000,-0.6096911098222064,512,False,53602,0.0069485031392,4429,0.5074864908478,True,,,,0.41661153089,45,1
13,50000,-0.0219051692912622,512,False,53602,0.0069485031392,4429,0.5074864908478,True,,,,0.41661153089,45,2
14,50000,-0.351640967604924,256,False,104961,0.0208594989966,5798,0.3412935761059,False,,,,,45,0
14,50000,-0.0457022133668142,256,False,104961,0.0208594989966,5798,0.3412935761059,False,,,,,45,1
14,50000,-0.0460263452627832,256,False,104961,0.0208594989966,5798,0.3412935761059,False,,,,,45,2
15,50000,-0.160597309313535,1024,False,77628,1.6426545e-06,6727,0.2268736369732,True,,,,0.4168900281579,45,0
15,50000,-0.0322013716530719,1024,False,77628,1.6426545e-06,6727,0.2268736369732,True,,,,0.4168900281579,45,1
15,50000,-0.0574322340209477,1024,False,77628,1.6426545e-06,6727,0.2268736369732,True,,,,0.4168900281579,45,2
16,50000,-0.014117984663961,512,False,73015,0.0031777105963,4780,0.2087375631945,False,,,,,45,0
16,50000,-0.0044288926342358,512,False,73015,0.0031777105963,4780,0.2087375631945,False,,,,,45,1
16,50000,-0.0223341255097099,512,False,73015,0.0031777105963,4780,0.2087375631945,False,,,,,45,2
17,50000,-0.0040126539605399,256,False,60992,3.71581601e-05,6184,0.8742461863833,False,,,,,45,0
17,50000,-0.0027163719644242,256,False,60992,3.71581601e-05,6184,0.8742461863833,False,,,,,45,1
17,50000,-0.0048949833297256,256,False,60992,3.71581601e-05,6184,0.8742461863833,False,,,,,45,2
18,50000,-0.004134628084074,512,False,112526,0.0190465727131,2777,0.1258185481001,True,,,,0.8860934272555,45,0
18,50000,-0.0019992933974282,512,False,112526,0.0190465727131,2777,0.1258185481001,True,,,,0.8860934272555,45,1
18,50000,-0.0388621008088724,512,False,112526,0.0190465727131,2777,0.1258185481001,True,,,,0.8860934272555,45,2
19,50000,-0.0015484297491701,512,True,25874,0.0001950751155,2330,2.4342228649986,False,0.4231753477312,0.4716124485575,1.84872968e-05,,45,0
19,50000,-0.0392006909087157,512,True,25874,0.0001950751155,2330,2.4342228649986,False,0.4231753477312,0.4716124485575,1.84872968e-05,,45,1
19,50000,-0.0065971027496606,512,True,25874,0.0001950751155,2330,2.4342228649986,False,0.4231753477312,0.4716124485575,1.84872968e-05,,45,2
20,50000,2.2250738585072014e-308,256,False,60690,0.0093332526062,6726,9.6916669053785,True,,,,0.1521849858357,45,0
20,50000,2.2250738585072014e-308,256,False,60690,0.0093332526062,6726,9.6916669053785,True,,,,0.1521849858357,45,1
20,50000,2.2250738585072014e-308,256,False,60690,0.0093332526062,6726,9.6916669053785,True,,,,0.1521849858357,45,2
21,50000,2.2250738585072014e-308,256,False,31982,5.8633446e-06,4242,1.4697668535307,False,,,,,45,0
21,50000,2.2250738585072014e-308,256,False,31982,5.8633446e-06,4242,1.4697668535307,False,,,,,45,1
21,50000,2.2250738585072014e-308,256,False,31982,5.8633446e-06,4242,1.4697668535307,False,,,,,45,2
22,50000,-0.0018061856885202,512,True,48380,8.2987839e-05,4301,0.1840269777466,False,0.4924724480625,0.9436566237277,2.2947e-09,,45,0
22,50000,-0.0009193539058086,512,True,48380,8.2987839e-05,4301,0.1840269777466,False,0.4924724480625,0.9436566237277,2.2947e-09,,45,1
22,50000,-0.001909541409137,512,True,48380,8.2987839e-05,4301,0.1840269777466,False,0.4924724480625,0.9436566237277,2.2947e-09,,45,2
23,50000,-0.0036580120746582,1024,False,11751,0.0027113724404,1639,9.0179154054612,False,,,,,45,0
23,50000,-0.0833092977514192,1024,False,11751,0.0027113724404,1639,9.0179154054612,False,,,,,45,1
23,50000,-0.0006771829832827,1024,False,11751,0.0027113724404,1639,9.0179154054612,False,,,,,45,2
24,50000,-0.0022921384478177,1024,False,111416,8.84454225e-05,5698,0.425924082829,True,,,,0.2858050552964,45,0
24,50000,-0.000199565521914,1024,False,111416,8.84454225e-05,5698,0.425924082829,True,,,,0.2858050552964,45,1
24,50000,-0.0003486364606099,1024,False,111416,8.84454225e-05,5698,0.425924082829,True,,,,0.2858050552964,45,2
25,50000,-0.0013669511227597,256,True,75064,0.000492468483,4418,7.7105323149451,True,0.1423499473134,0.6831061147861,1.1036e-08,0.9543336626446,45,0
25,50000,-0.019186510887885,256,True,75064,0.000492468483,4418,7.7105323149451,True,0.1423499473134,0.6831061147861,1.1036e-08,0.9543336626446,45,1
25,50000,-0.0135443806588322,256,True,75064,0.000492468483,4418,7.7105323149451,True,0.1423499473134,0.6831061147861,1.1036e-08,0.9543336626446,45,2
26,50000,-0.0358483696648137,512,True,89341,0.0071594874801,3546,0.6861339433164,False,0.2867144228014,0.6878427720529,1.930463e-07,,45,0
26,50000,-0.01300046350126,512,True,89341,0.0071594874801,3546,0.6861339433164,False,0.2867144228014,0.6878427720529,1.930463e-07,,45,1
26,50000,-0.021216522049164,512,True,89341,0.0071594874801,3546,0.6861339433164,False,0.2867144228014,0.6878427720529,1.930463e-07,,45,2
27,50000,-0.0010130072059975,1024,False,84626,0.0098094382452,723,0.3077291778546,False,,,,,45,0
27,50000,-0.0070456168025791,1024,False,84626,0.0098094382452,723,0.3077291778546,False,,,,,45,1
27,50000,-0.0085773142381778,1024,False,84626,0.0098094382452,723,0.3077291778546,False,,,,,45,2
28,50000,-0.0039406863586151,1024,True,28068,0.0103404676981,6111,8.2557334065674,False,0.6389892331293,0.1599270970039,7.03708269e-05,,45,0
28,50000,-0.0458110741012813,1024,True,28068,0.0103404676981,6111,8.2557334065674,False,0.6389892331293,0.1599270970039,7.03708269e-05,,45,1
28,50000,-0.0050555042091205,1024,True,28068,0.0103404676981,6111,8.2557334065674,False,0.6389892331293,0.1599270970039,7.03708269e-05,,45,2
29,50000,-0.0236821186642836,256,True,109679,0.0111931484656,3617,0.5725414013036,True,0.2920080826429,0.8020096619901,3.277985e-07,0.0302303231294,45,0
29,50000,-0.0802038056698158,256,True,109679,0.0111931484656,3617,0.5725414013036,True,0.2920080826429,0.8020096619901,3.277985e-07,0.0302303231294,45,1
29,50000,-0.1193379607483576,256,True,109679,0.0111931484656,3617,0.5725414013036,True,0.2920080826429,0.8020096619901,3.277985e-07,0.0302303231294,45,2
30,50000,2.2250738585072014e-308,256,True,22884,4.7993904e-05,2910,0.1548336900623,False,0.3654263267354,0.5212643535424,5.0602574e-05,,45,0
30,50000,2.2250738585072014e-308,256,True,22884,4.7993904e-05,2910,0.1548336900623,False,0.3654263267354,0.5212643535424,5.0602574e-05,,45,1
30,50000,2.2250738585072014e-308,256,True,22884,4.7993904e-05,2910,0.1548336900623,False,0.3654263267354,0.5212643535424,5.0602574e-05,,45,2
31,50000,-0.015905890277392,512,True,24037,1.6390459e-06,2915,0.4166171584101,False,0.5078536542893,0.1407934395573,4.7433e-09,,45,0
31,50000,-0.0032114245593021,512,True,24037,1.6390459e-06,2915,0.4166171584101,False,0.5078536542893,0.1407934395573,4.7433e-09,,45,1
31,50000,-0.011728067423178,512,True,24037,1.6390459e-06,2915,0.4166171584101,False,0.5078536542893,0.1407934395573,4.7433e-09,,45,2
0,50000,-0.1070481575648688,256,False,103735,1.09798112e-05,7517,4.0018285703892,True,,,,0.8350325503173,44,0
0,50000,-0.1266087377190122,256,False,103735,1.09798112e-05,7517,4.0018285703892,True,,,,0.8350325503173,44,1
0,50000,-0.0389414366053562,256,False,103735,1.09798112e-05,7517,4.0018285703892,True,,,,0.8350325503173,44,2
1,50000,-0.057761934694155,256,False,10884,6.624807e-06,2493,5.0975851852603,False,,,,,44,0
1,50000,-0.2854986324968528,256,False,10884,6.624807e-06,2493,5.0975851852603,False,,,,,44,1
1,50000,-0.0532309427543714,256,False,10884,6.624807e-06,2493,5.0975851852603,False,,,,,44,2
2,50000,-1.0824007588818552,1024,True,36607,1.7542149e-06,104,0.1424841592404,True,0.2661924311392,0.3689069701323,2.1917e-08,0.8790218388394,44,0
2,50000,-0.0013559027714896,1024,True,36607,1.7542149e-06,104,0.1424841592404,True,0.2661924311392,0.3689069701323,2.1917e-08,0.8790218388394,44,1
2,50000,-0.2240311615700817,1024,True,36607,1.7542149e-06,104,0.1424841592404,True,0.2661924311392,0.3689069701323,2.1917e-08,0.8790218388394,44,2
3,50000,-0.0073121614384471,512,True,75220,0.0038925469486,3407,0.1810503963807,True,0.0721086866352,0.9847440365006,2.7746612e-06,0.1447398481581,44,0
3,50000,2.2250738585072014e-308,512,True,75220,0.0038925469486,3407,0.1810503963807,True,0.0721086866352,0.9847440365006,2.7746612e-06,0.1447398481581,44,1
3,50000,-0.005644501073121,512,True,75220,0.0038925469486,3407,0.1810503963807,True,0.0721086866352,0.9847440365006,2.7746612e-06,0.1447398481581,44,2
4,50000,2.2250738585072014e-308,1024,False,82293,0.0015664747714,6481,2.8024261950504,False,,,,,44,0
4,50000,2.2250738585072014e-308,1024,False,82293,0.0015664747714,6481,2.8024261950504,False,,,,,44,1
4,50000,2.2250738585072014e-308,1024,False,82293,0.0015664747714,6481,2.8024261950504,False,,,,,44,2
5,50000,-0.0107515449600718,512,True,107648,0.0190442886161,2259,0.2102759233037,True,0.1622778472201,0.95695215312,2.2559232e-06,0.6917575867472,44,0
5,50000,-0.000672816274584,512,True,107648,0.0190442886161,2259,0.2102759233037,True,0.1622778472201,0.95695215312,2.2559232e-06,0.6917575867472,44,1
5,50000,-0.0229216010856094,512,True,107648,0.0190442886161,2259,0.2102759233037,True,0.1622778472201,0.95695215312,2.2559232e-06,0.6917575867472,44,2
6,50000,-0.0014043352917925,256,False,19723,0.0139001640114,909,0.1691233010357,False,,,,,44,0
6,50000,-0.0332846033158111,256,False,19723,0.0139001640114,909,0.1691233010357,False,,,,,44,1
6,50000,-0.0335216494554808,256,False,19723,0.0139001640114,909,0.1691233010357,False,,,,,44,2
7,50000,-63.77794697923069,512,False,61060,2.11914855e-05,4073,0.6848837484908,False,,,,,44,0
7,50000,-36.45123292814097,512,False,61060,2.11914855e-05,4073,0.6848837484908,False,,,,,44,1
7,50000,-95.91288818685332,512,False,61060,2.11914855e-05,4073,0.6848837484908,False,,,,,44,2
8,50000,-0.0607833373958334,1024,True,39308,0.0998741114761,4531,0.1239193778387,True,0.7576965131828,0.0378465787458,1.151341e-06,0.1470379235913,44,0
8,50000,-0.0881645036629299,1024,True,39308,0.0998741114761,4531,0.1239193778387,True,0.7576965131828,0.0378465787458,1.151341e-06,0.1470379235913,44,1
8,50000,-0.0167353016662584,1024,True,39308,0.0998741114761,4531,0.1239193778387,True,0.7576965131828,0.0378465787458,1.151341e-06,0.1470379235913,44,2
9,50000,95.1961206883974,512,False,60636,0.0624290296699,295,0.567934517498,False,,,,,44,0
9,50000,-0.0230641587648759,512,False,60636,0.0624290296699,295,0.567934517498,False,,,,,44,1
9,50000,95.26932873145388,512,False,60636,0.0624290296699,295,0.567934517498,False,,,,,44,2
10,50000,-0.0339630481092668,512,True,54029,3.6674103e-06,1321,0.3839880145417,True,0.8583492727544,0.4691541063419,3.4405486e-06,0.640878971069,44,0
10,50000,-0.0082252732692922,512,True,54029,3.6674103e-06,1321,0.3839880145417,True,0.8583492727544,0.4691541063419,3.4405486e-06,0.640878971069,44,1
10,50000,-0.0111085928043978,512,True,54029,3.6674103e-06,1321,0.3839880145417,True,0.8583492727544,0.4691541063419,3.4405486e-06,0.640878971069,44,2
11,50000,-0.0002795969094795,256,False,4034,0.0007965213575,1501,6.7760046668161,True,,,,0.486704646199,44,0
11,50000,-0.0005411030156035,256,False,4034,0.0007965213575,1501,6.7760046668161,True,,,,0.486704646199,44,1
11,50000,-0.0004256256504145,256,False,4034,0.0007965213575,1501,6.7760046668161,True,,,,0.486704646199,44,2
12,50000,-0.0022194936526473,1024,False,15070,4.77380874e-05,3526,0.2557402689244,True,,,,0.0126858918519,44,0
12,50000,-0.0014880096784856,1024,False,15070,4.77380874e-05,3526,0.2557402689244,True,,,,0.0126858918519,44,1
12,50000,-0.0124155690685537,1024,False,15070,4.77380874e-05,3526,0.2557402689244,True,,,,0.0126858918519,44,2
13,50000,2.2250738585072014e-308,512,True,85433,0.0191597138319,3263,3.2246019926478,False,0.3996932090487,0.2128043931751,3.01955e-08,,44,0
13,50000,2.2250738585072014e-308,512,True,85433,0.0191597138319,3263,3.2246019926478,False,0.3996932090487,0.2128043931751,3.01955e-08,,44,1
13,50000,2.2250738585072014e-308,512,True,85433,0.0191597138319,3263,3.2246019926478,False,0.3996932090487,0.2128043931751,3.01955e-08,,44,2
14,50000,-0.0119576608455199,1024,True,53485,4.98026388e-05,7801,2.4668194362042,True,0.1036579230811,0.0415286740377,4.97964e-07,0.6541044018308,44,0
14,50000,-0.0004752859201689,1024,True,53485,4.98026388e-05,7801,2.4668194362042,True,0.1036579230811,0.0415286740377,4.97964e-07,0.6541044018308,44,1
14,50000,-0.0139053744294742,1024,True,53485,4.98026388e-05,7801,2.4668194362042,True,0.1036579230811,0.0415286740377,4.97964e-07,0.6541044018308,44,2
15,50000,-0.0195355655806954,1024,False,78712,8.14791474e-05,8022,2.0103673356562,False,,,,,44,0
15,50000,-0.0218868262138813,1024,False,78712,8.14791474e-05,8022,2.0103673356562,False,,,,,44,1
15,50000,-0.0062621514228567,1024,False,78712,8.14791474e-05,8022,2.0103673356562,False,,,,,44,2
16,50000,-0.0125796546608821,512,True,30709,7.9443363e-06,6911,6.8547061143505,False,0.9756505801874,0.0813763907125,6.06875001e-05,,44,0
16,50000,-0.1428551834683561,512,True,30709,7.9443363e-06,6911,6.8547061143505,False,0.9756505801874,0.0813763907125,6.06875001e-05,,44,1
16,50000,-0.1566628406931004,512,True,30709,7.9443363e-06,6911,6.8547061143505,False,0.9756505801874,0.0813763907125,6.06875001e-05,,44,2
17,50000,-0.002815249665586,512,False,37251,0.0002040704548,2184,0.8545564247799,False,,,,,44,0
17,50000,-0.012440154056874,512,False,37251,0.0002040704548,2184,0.8545564247799,False,,,,,44,1
17,50000,-5.663669593543708e-05,512,False,37251,0.0002040704548,2184,0.8545564247799,False,,,,,44,2
18,50000,-4.884560365774517,1024,False,5650,0.000100147372,7013,0.9117528341336,False,,,,,44,0
18,50000,-0.0020268630923521,1024,False,5650,0.000100147372,7013,0.9117528341336,False,,,,,44,1
18,50000,-0.0005604137648394,1024,False,5650,0.000100147372,7013,0.9117528341336,False,,,,,44,2
19,50000,-0.1010608696304376,1024,True,42539,0.0001038784078,1271,1.5187872857185,False,0.5599941340438,0.5656158714175,4.4254e-09,,44,0
19,50000,-0.1773983030207944,1024,True,42539,0.0001038784078,1271,1.5187872857185,False,0.5599941340438,0.5656158714175,4.4254e-09,,44,1
19,50000,-0.0341834704154796,1024,True,42539,0.0001038784078,1271,1.5187872857185,False,0.5599941340438,0.5656158714175,4.4254e-09,,44,2
20,50000,-0.0131169440525787,1024,True,9238,0.0304100772615,7822,0.4355345444907,True,0.4531877418364,0.9320087714726,1.3308829e-06,0.0704776046216,44,0
20,50000,-0.0150311470659055,1024,True,9238,0.0304100772615,7822,0.4355345444907,True,0.4531877418364,0.9320087714726,1.3308829e-06,0.0704776046216,44,1
20,50000,-0.0141509528609652,1024,True,9238,0.0304100772615,7822,0.4355345444907,True,0.4531877418364,0.9320087714726,1.3308829e-06,0.0704776046216,44,2
21,50000,-0.0161752043880297,1024,True,33622,1.67930222e-05,932,0.1265329424598,False,0.8526896412084,0.3440114466273,1.1592591e-06,,44,0
21,50000,-0.0115242198980822,1024,True,33622,1.67930222e-05,932,0.1265329424598,False,0.8526896412084,0.3440114466273,1.1592591e-06,,44,1
21,50000,-0.2718952373919299,1024,True,33622,1.67930222e-05,932,0.1265329424598,False,0.8526896412084,0.3440114466273,1.1592591e-06,,44,2
22,50000,-0.0080702076239014,1024,False,107802,8.1933427e-05,1714,2.0253891333833,False,,,,,44,0
22,50000,-0.008718941727573,1024,False,107802,8.1933427e-05,1714,2.0253891333833,False,,,,,44,1
22,50000,-0.0131198473477964,1024,False,107802,8.1933427e-05,1714,2.0253891333833,False,,,,,44,2
23,50000,-0.0108726955263742,256,True,92535,0.0120320172667,7418,3.7576705805602,True,0.7698682547983,0.5509337896101,6.356083e-07,0.0880712608814,44,0
23,50000,-0.0002569864144417,256,True,92535,0.0120320172667,7418,3.7576705805602,True,0.7698682547983,0.5509337896101,6.356083e-07,0.0880712608814,44,1
23,50000,-0.0059414895650952,256,True,92535,0.0120320172667,7418,3.7576705805602,True,0.7698682547983,0.5509337896101,6.356083e-07,0.0880712608814,44,2
24,50000,2.2250738585072014e-308,1024,False,14100,0.0174461354079,5344,6.2333190518939,False,,,,,44,0
24,50000,-0.0248784580289375,1024,False,14100,0.0174461354079,5344,6.2333190518939,False,,,,,44,1
24,50000,2.2250738585072014e-308,1024,False,14100,0.0174461354079,5344,6.2333190518939,False,,,,,44,2
25,50000,-0.1363421563769184,1024,False,51414,2.9268352e-05,7320,0.2479407707697,False,,,,,44,0
25,50000,-0.0056011125258394,1024,False,51414,2.9268352e-05,7320,0.2479407707697,False,,,,,44,1
25,50000,-0.0810896905896539,1024,False,51414,2.9268352e-05,7320,0.2479407707697,False,,,,,44,2
26,50000,-0.4440115268516553,256,False,91782,0.0001468254065,4014,0.1888592932264,False,,,,,44,0
26,50000,-0.000804440095323,256,False,91782,0.0001468254065,4014,0.1888592932264,False,,,,,44,1
26,50000,-0.0075677670875189,256,False,91782,0.0001468254065,4014,0.1888592932264,False,,,,,44,2
27,50000,-0.1325980699852212,1024,False,101461,8.157675e-06,3267,7.0155892092457,True,,,,0.860728698217,44,0
27,50000,-0.0071968643582065,1024,False,101461,8.157675e-06,3267,7.0155892092457,True,,,,0.860728698217,44,1
27,50000,-0.1754808825767659,1024,False,101461,8.157675e-06,3267,7.0155892092457,True,,,,0.860728698217,44,2
28,50000,-0.0018084885082552,256,True,14447,0.0044346576306,8000,2.8140655655939,True,0.7256352663932,0.1678412682036,5.65709e-08,0.552416258605,44,0
28,50000,-0.0009528862744632,256,True,14447,0.0044346576306,8000,2.8140655655939,True,0.7256352663932,0.1678412682036,5.65709e-08,0.552416258605,44,1
28,50000,-0.0598262583323666,256,True,14447,0.0044346576306,8000,2.8140655655939,True,0.7256352663932,0.1678412682036,5.65709e-08,0.552416258605,44,2
29,50000,-3.3686426479992635,1024,False,91843,2.42786398e-05,7239,1.272159401335,False,,,,,44,0
29,50000,-3.6844115834159687,1024,False,91843,2.42786398e-05,7239,1.272159401335,False,,,,,44,1
29,50000,-1.6500545826165154,1024,False,91843,2.42786398e-05,7239,1.272159401335,False,,,,,44,2
30,50000,2.2250738585072014e-308,256,False,36199,0.0002912002288,7599,3.1955113420886,False,,,,,44,0
30,50000,-0.0296176756127451,256,False,36199,0.0002912002288,7599,3.1955113420886,False,,,,,44,1
30,50000,2.2250738585072014e-308,256,False,36199,0.0002912002288,7599,3.1955113420886,False,,,,,44,2
31,50000,-1.1017416148985683e-05,1024,False,101910,2.73812272e-05,413,9.6712763488472,True,,,,0.2683189948789,44,0
31,50000,-0.011797819895063,1024,False,101910,2.73812272e-05,413,9.6712763488472,True,,,,0.2683189948789,44,1
31,50000,-0.0238337350911658,1024,False,101910,2.73812272e-05,413,9.6712763488472,True,,,,0.2683189948789,44,2
0,50000,-0.0013653944613125,256,True,17346,1.3965906e-06,706,0.14233948822,True,0.148295398814,0.4268849821223,2.35241563e-05,0.1619237984555,43,0
0,50000,-0.0037703865792797,256,True,17346,1.3965906e-06,706,0.14233948822,True,0.148295398814,0.4268849821223,2.35241563e-05,0.1619237984555,43,1
0,50000,-0.0008238542536004,256,True,17346,1.3965906e-06,706,0.14233948822,True,0.148295398814,0.4268849821223,2.35241563e-05,0.1619237984555,43,2
1,50000,-99.86911755940024,512,False,102270,7.3060881e-05,6643,0.3807724825873,True,,,,0.302684315168,43,0
1,50000,2.2250738585072014e-308,512,False,102270,7.3060881e-05,6643,0.3807724825873,True,,,,0.302684315168,43,1
1,50000,2.2250738585072014e-308,512,False,102270,7.3060881e-05,6643,0.3807724825873,True,,,,0.302684315168,43,2
2,50000,-0.0002106325460334,256,True,21291,0.0025142536867,3852,1.7053784063549,False,0.6479267916477,0.3411441016374,2.0036e-09,,43,0
2,50000,-0.0363294003150878,256,True,21291,0.0025142536867,3852,1.7053784063549,False,0.6479267916477,0.3411441016374,2.0036e-09,,43,1
2,50000,-0.0131929124809887,256,True,21291,0.0025142536867,3852,1.7053784063549,False,0.6479267916477,0.3411441016374,2.0036e-09,,43,2
3,50000,2.2250738585072014e-308,256,False,29106,0.0256781106005,3700,2.2277502548136,False,,,,,43,0
3,50000,2.2250738585072014e-308,256,False,29106,0.0256781106005,3700,2.2277502548136,False,,,,,43,1
3,50000,-0.0535546518441827,256,False,29106,0.0256781106005,3700,2.2277502548136,False,,,,,43,2
4,50000,-0.0069578420918091,256,True,118403,0.0187846938637,1263,6.8889681062768,True,0.5789141480783,0.813699095797,1.00448e-07,0.6982413520274,43,0
4,50000,-7.123154085571354e-05,256,True,118403,0.0187846938637,1263,6.8889681062768,True,0.5789141480783,0.813699095797,1.00448e-07,0.6982413520274,43,1
4,50000,-0.0061546769512576,256,True,118403,0.0187846938637,1263,6.8889681062768,True,0.5789141480783,0.813699095797,1.00448e-07,0.6982413520274,43,2
5,50000,-0.152457464813519,512,True,33822,0.003921856472,4580,0.1224690952789,True,0.6804855778129,0.180042569256,3.35816e-07,0.3935114522002,43,0
5,50000,-0.023613288830875,512,True,33822,0.003921856472,4580,0.1224690952789,True,0.6804855778129,0.180042569256,3.35816e-07,0.3935114522002,43,1
5,50000,-0.0090845556662251,512,True,33822,0.003921856472,4580,0.1224690952789,True,0.6804855778129,0.180042569256,3.35816e-07,0.3935114522002,43,2
6,50000,-1.043137289084828e-05,256,False,31748,1.1074638e-06,2923,0.3671822582942,True,,,,0.6314666874346,43,0
6,50000,-0.0005341189941994,256,False,31748,1.1074638e-06,2923,0.3671822582942,True,,,,0.6314666874346,43,1
6,50000,-0.0300179378285521,256,False,31748,1.1074638e-06,2923,0.3671822582942,True,,,,0.6314666874346,43,2
7,50000,-0.0538854574292663,256,True,42117,0.0059446408594,5771,0.9495023119619,False,0.5385712167101,0.6544943220373,5.396237e-07,,43,0
7,50000,-0.0011186645759886,256,True,42117,0.0059446408594,5771,0.9495023119619,False,0.5385712167101,0.6544943220373,5.396237e-07,,43,1
7,50000,-0.0004610742729226,256,True,42117,0.0059446408594,5771,0.9495023119619,False,0.5385712167101,0.6544943220373,5.396237e-07,,43,2
8,50000,-0.0146333809536877,512,False,21529,0.0006595317351,2282,0.4014643125945,True,,,,0.9252754193078,43,0
8,50000,-99.89993633964616,512,False,21529,0.0006595317351,2282,0.4014643125945,True,,,,0.9252754193078,43,1
8,50000,-0.0009735193725428,512,False,21529,0.0006595317351,2282,0.4014643125945,True,,,,0.9252754193078,43,2
9,50000,-0.0049515032648195,512,True,2885,0.000913280261,8159,0.2393787494791,False,0.2020842423978,0.5111634552832,1.5168e-09,,43,0
9,50000,-0.0073767835666176,512,True,2885,0.000913280261,8159,0.2393787494791,False,0.2020842423978,0.5111634552832,1.5168e-09,,43,1
9,50000,-0.0006752674318018,512,True,2885,0.000913280261,8159,0.2393787494791,False,0.2020842423978,0.5111634552832,1.5168e-09,,43,2
10,50000,-81.03007302867016,256,True,25852,0.0123387055656,4115,0.1108575194231,True,0.7438599798103,0.0655249644724,3.01519e-08,0.8494927862158,43,0
10,50000,-0.0018028345669826,256,True,25852,0.0123387055656,4115,0.1108575194231,True,0.7438599798103,0.0655249644724,3.01519e-08,0.8494927862158,43,1
10,50000,2.2250738585072014e-308,256,True,25852,0.0123387055656,4115,0.1108575194231,True,0.7438599798103,0.0655249644724,3.01519e-08,0.8494927862158,43,2
11,50000,-0.0003147465449332,256,True,99973,1.6663593e-06,5159,0.1775215611367,True,0.3283965214658,0.0193454263785,1.571327e-07,0.9964635538814,43,0
11,50000,-0.0072497246623296,256,True,99973,1.6663593e-06,5159,0.1775215611367,True,0.3283965214658,0.0193454263785,1.571327e-07,0.9964635538814,43,1
11,50000,-0.0145199703683205,256,True,99973,1.6663593e-06,5159,0.1775215611367,True,0.3283965214658,0.0193454263785,1.571327e-07,0.9964635538814,43,2
12,50000,-0.7370048041297954,256,True,80024,0.0007395703304,6018,8.2429688631918,False,0.9269968254041,0.6354475080236,2.63934e-08,,43,0
12,50000,-0.1797703883005612,256,True,80024,0.0007395703304,6018,8.2429688631918,False,0.9269968254041,0.6354475080236,2.63934e-08,,43,1
12,50000,-11.83831177844023,256,True,80024,0.0007395703304,6018,8.2429688631918,False,0.9269968254041,0.6354475080236,2.63934e-08,,43,2
13,50000,-7.296035416491031,256,False,68346,4.11796624e-05,3460,1.1893063016962,False,,,,,43,0
13,50000,-2.336898268718751,256,False,68346,4.11796624e-05,3460,1.1893063016962,False,,,,,43,1
13,50000,-0.5471599064501019,256,False,68346,4.11796624e-05,3460,1.1893063016962,False,,,,,43,2
14,50000,2.2250738585072014e-308,512,True,41619,0.0339473698551,6677,3.7627613903509,True,0.6866355732108,0.9228849727728,2.35281e-07,0.6621870248907,43,0
14,50000,2.2250738585072014e-308,512,True,41619,0.0339473698551,6677,3.7627613903509,True,0.6866355732108,0.9228849727728,2.35281e-07,0.6621870248907,43,1
14,50000,2.2250738585072014e-308,512,True,41619,0.0339473698551,6677,3.7627613903509,True,0.6866355732108,0.9228849727728,2.35281e-07,0.6621870248907,43,2
15,50000,2.2250738585072014e-308,256,True,113810,1.10759692e-05,7173,3.4027425280219,True,0.0946123704019,0.4511048879833,1.0784e-09,0.7061820811613,43,0
15,50000,2.2250738585072014e-308,256,True,113810,1.10759692e-05,7173,3.4027425280219,True,0.0946123704019,0.4511048879833,1.0784e-09,0.7061820811613,43,1
15,50000,2.2250738585072014e-308,256,True,113810,1.10759692e-05,7173,3.4027425280219,True,0.0946123704019,0.4511048879833,1.0784e-09,0.7061820811613,43,2
16,50000,-0.0051880422315155,256,True,82803,0.0003196430213,2310,0.1410314402283,True,0.1846460126832,0.034242187678,2.53611e-08,0.0836897922095,43,0
16,50000,-0.0390185700326667,256,True,82803,0.0003196430213,2310,0.1410314402283,True,0.1846460126832,0.034242187678,2.53611e-08,0.0836897922095,43,1
16,50000,-0.0093639061302227,256,True,82803,0.0003196430213,2310,0.1410314402283,True,0.1846460126832,0.034242187678,2.53611e-08,0.0836897922095,43,2
17,50000,-0.4887561158397127,512,True,31055,0.0076474888273,4808,6.5730753797673,True,0.1130879986843,0.1467660984758,4.110299e-07,0.3194624279347,43,0
17,50000,-0.0009395725113617,512,True,31055,0.0076474888273,4808,6.5730753797673,True,0.1130879986843,0.1467660984758,4.110299e-07,0.3194624279347,43,1
17,50000,-0.1881267059674753,512,True,31055,0.0076474888273,4808,6.5730753797673,True,0.1130879986843,0.1467660984758,4.110299e-07,0.3194624279347,43,2
18,50000,2.2250738585072014e-308,512,False,80338,2.8203123e-06,7593,0.7225740944844,False,,,,,43,0
18,50000,2.2250738585072014e-308,512,False,80338,2.8203123e-06,7593,0.7225740944844,False,,,,,43,1
18,50000,2.2250738585072014e-308,512,False,80338,2.8203123e-06,7593,0.7225740944844,False,,,,,43,2
19,50000,-0.0246947822686433,256,True,35762,9.4471461e-06,1331,0.2931030544812,True,0.7596940021079,0.8067409105944,1.11e-09,0.2830754713027,43,0
19,50000,-0.0263734699652366,256,True,35762,9.4471461e-06,1331,0.2931030544812,True,0.7596940021079,0.8067409105944,1.11e-09,0.2830754713027,43,1
19,50000,-0.0030815354645745,256,True,35762,9.4471461e-06,1331,0.2931030544812,True,0.7596940021079,0.8067409105944,1.11e-09,0.2830754713027,43,2
20,50000,-85.18318186634193,1024,True,88330,9.15171497e-05,1143,0.5062426015629,False,0.6183781867812,0.1607504291062,5.11082765e-05,,43,0
20,50000,-0.0256181900862719,1024,True,88330,9.15171497e-05,1143,0.5062426015629,False,0.6183781867812,0.1607504291062,5.11082765e-05,,43,1
20,50000,-0.008601340250828,1024,True,88330,9.15171497e-05,1143,0.5062426015629,False,0.6183781867812,0.1607504291062,5.11082765e-05,,43,2
21,50000,-0.3057654912003765,256,False,37307,0.0490233766611,215,2.8584869148818,False,,,,,43,0
21,50000,-0.0954345524355248,256,False,37307,0.0490233766611,215,2.8584869148818,False,,,,,43,1
21,50000,-0.1738579130773562,256,False,37307,0.0490233766611,215,2.8584869148818,False,,,,,43,2
22,50000,-0.0025492120944397,512,True,96412,7.278442e-06,2161,1.1603901543825,False,0.1005740472884,0.0480640623096,2.445469e-06,,43,0
22,50000,-0.0061855390784259,512,True,96412,7.278442e-06,2161,1.1603901543825,False,0.1005740472884,0.0480640623096,2.445469e-06,,43,1
22,50000,-6.01194495078113e-06,512,True,96412,7.278442e-06,2161,1.1603901543825,False,0.1005740472884,0.0480640623096,2.445469e-06,,43,2
23,50000,-0.0001519937107054,512,True,103902,1.5111763e-06,5776,0.1041289430223,True,0.230530842559,0.0789877333234,4.819649e-07,0.3128132189297,43,0
23,50000,-0.0040362363344487,512,True,103902,1.5111763e-06,5776,0.1041289430223,True,0.230530842559,0.0789877333234,4.819649e-07,0.3128132189297,43,1
23,50000,-0.0018193844327464,512,True,103902,1.5111763e-06,5776,0.1041289430223,True,0.230530842559,0.0789877333234,4.819649e-07,0.3128132189297,43,2
24,50000,2.2250738585072014e-308,256,True,29059,5.309693e-06,7061,0.4399952925351,True,0.0226282357946,0.2150751402124,9.4771961e-06,0.4184469932165,43,0
24,50000,2.2250738585072014e-308,256,True,29059,5.309693e-06,7061,0.4399952925351,True,0.0226282357946,0.2150751402124,9.4771961e-06,0.4184469932165,43,1
24,50000,2.2250738585072014e-308,256,True,29059,5.309693e-06,7061,0.4399952925351,True,0.0226282357946,0.2150751402124,9.4771961e-06,0.4184469932165,43,2
25,50000,2.2250738585072014e-308,512,True,112239,0.0010506194739,5224,2.0357208529009,False,0.411367629992,0.0348464968283,1.46377315e-05,,43,0
25,50000,2.2250738585072014e-308,512,True,112239,0.0010506194739,5224,2.0357208529009,False,0.411367629992,0.0348464968283,1.46377315e-05,,43,1
25,50000,2.2250738585072014e-308,512,True,112239,0.0010506194739,5224,2.0357208529009,False,0.411367629992,0.0348464968283,1.46377315e-05,,43,2
26,50000,-0.03188716293182,512,True,78521,0.0007851289671,2390,0.1703121868247,False,0.440337222491,0.3634254268078,2.7099355e-06,,43,0
26,50000,-0.0585106695415287,512,True,78521,0.0007851289671,2390,0.1703121868247,False,0.440337222491,0.3634254268078,2.7099355e-06,,43,1
26,50000,-0.0827837117926922,512,True,78521,0.0007851289671,2390,0.1703121868247,False,0.440337222491,0.3634254268078,2.7099355e-06,,43,2
27,50000,-0.0007492767541989,1024,False,98462,4.8323779e-06,1740,0.760566241878,True,,,,0.7745122413557,43,0
27,50000,-0.0168051685475016,1024,False,98462,4.8323779e-06,1740,0.760566241878,True,,,,0.7745122413557,43,1
27,50000,-0.0651922360698555,1024,False,98462,4.8323779e-06,1740,0.760566241878,True,,,,0.7745122413557,43,2
28,50000,-1.051914271338907,256,True,73761,6.07975322e-05,5218,0.1196489983307,False,0.1918262456996,0.2522442952933,4.728502e-07,,43,0
28,50000,-99.39171520658272,256,True,73761,6.07975322e-05,5218,0.1196489983307,False,0.1918262456996,0.2522442952933,4.728502e-07,,43,1
28,50000,2.2250738585072014e-308,256,True,73761,6.07975322e-05,5218,0.1196489983307,False,0.1918262456996,0.2522442952933,4.728502e-07,,43,2
29,50000,2.2250738585072014e-308,1024,True,21791,9.1690646e-06,1236,3.8273139173636,True,0.0855686768757,0.4344143788724,5.3803495e-06,0.9868164355995,43,0
29,50000,2.2250738585072014e-308,1024,True,21791,9.1690646e-06,1236,3.8273139173636,True,0.0855686768757,0.4344143788724,5.3803495e-06,0.9868164355995,43,1
29,50000,2.2250738585072014e-308,1024,True,21791,9.1690646e-06,1236,3.8273139173636,True,0.0855686768757,0.4344143788724,5.3803495e-06,0.9868164355995,43,2
30,50000,-0.1961013266806587,1024,True,11256,9.9232228e-06,3796,1.9658457142522,False,0.1555545339131,0.3403797781353,1.1822354e-05,,43,0
30,50000,-0.037341892624128,1024,True,11256,9.9232228e-06,3796,1.9658457142522,False,0.1555545339131,0.3403797781353,1.1822354e-05,,43,1
30,50000,-0.0367995470291945,1024,True,11256,9.9232228e-06,3796,1.9658457142522,False,0.1555545339131,0.3403797781353,1.1822354e-05,,43,2
31,50000,-0.1891494454655189,256,True,83301,0.0044369972283,6202,0.1539052280075,False,0.7084368453146,0.6668871680383,8.3521e-09,,43,0
31,50000,2.2250738585072014e-308,256,True,83301,0.0044369972283,6202,0.1539052280075,False,0.7084368453146,0.6668871680383,8.3521e-09,,43,1
31,50000,-0.0042895774619159,256,True,83301,0.0044369972283,6202,0.1539052280075,False,0.7084368453146,0.6668871680383,8.3521e-09,,43,2
0,50000,-0.0093291817536934,512,False,52635,9.33922586e-05,3734,1.8010931581671,False,,,,,46,0
0,50000,-0.0058265384416183,512,False,52635,9.33922586e-05,3734,1.8010931581671,False,,,,,46,1
0,50000,-0.0113044526466,512,False,52635,9.33922586e-05,3734,1.8010931581671,False,,,,,46,2
1,50000,2.2250738585072014e-308,512,True,37678,2.9833753e-06,4409,1.8685032582767,False,0.2404169572094,0.3179862396067,1.13127129e-05,,46,0
1,50000,-58.27654787723168,512,True,37678,2.9833753e-06,4409,1.8685032582767,False,0.2404169572094,0.3179862396067,1.13127129e-05,,46,1
1,50000,-0.7880292766045776,512,True,37678,2.9833753e-06,4409,1.8685032582767,False,0.2404169572094,0.3179862396067,1.13127129e-05,,46,2
2,50000,2.2250738585072014e-308,256,True,100209,2.4768347e-06,1281,2.6007897504591,False,0.3429588086574,0.8493271480573,5.2357e-09,,46,0
2,50000,2.2250738585072014e-308,256,True,100209,2.4768347e-06,1281,2.6007897504591,False,0.3429588086574,0.8493271480573,5.2357e-09,,46,1
2,50000,2.2250738585072014e-308,256,True,100209,2.4768347e-06,1281,2.6007897504591,False,0.3429588086574,0.8493271480573,5.2357e-09,,46,2
3,50000,-8.514799686799693e-05,256,False,58275,2.64518329e-05,7496,0.4303082874889,False,,,,,46,0
3,50000,-0.0076706958303579,256,False,58275,2.64518329e-05,7496,0.4303082874889,False,,,,,46,1
3,50000,-0.0084350530789495,256,False,58275,2.64518329e-05,7496,0.4303082874889,False,,,,,46,2
4,50000,-0.0210799061521989,512,True,21455,9.6434054e-05,6145,0.9754038112893,False,0.6672079726607,0.5558117367026,8.221952e-06,,46,0
4,50000,-0.6840021927521514,512,True,21455,9.6434054e-05,6145,0.9754038112893,False,0.6672079726607,0.5558117367026,8.221952e-06,,46,1
4,50000,-0.1766797590599204,512,True,21455,9.6434054e-05,6145,0.9754038112893,False,0.6672079726607,0.5558117367026,8.221952e-06,,46,2
5,50000,-0.021089549566674,1024,True,40624,0.0001872853341,7327,0.8355135843878,True,0.6193917890309,0.6091156953426,2.93738e-08,0.4834853253107,46,0
5,50000,-0.095611778630837,1024,True,40624,0.0001872853341,7327,0.8355135843878,True,0.6193917890309,0.6091156953426,2.93738e-08,0.4834853253107,46,1
5,50000,-0.0120397010779791,1024,True,40624,0.0001872853341,7327,0.8355135843878,True,0.6193917890309,0.6091156953426,2.93738e-08,0.4834853253107,46,2
6,50000,-0.0002434002723488,256,False,62692,2.2817433e-06,7226,0.5832131132835,False,,,,,46,0
6,50000,-0.0860784393061666,256,False,62692,2.2817433e-06,7226,0.5832131132835,False,,,,,46,1
6,50000,2.2250738585072014e-308,256,False,62692,2.2817433e-06,7226,0.5832131132835,False,,,,,46,2
7,50000,-0.0037086588981938,256,False,83118,4.42083019e-05,5118,0.2450252067293,True,,,,0.1852987965965,46,0
7,50000,-0.0005365264683583,256,False,83118,4.42083019e-05,5118,0.2450252067293,True,,,,0.1852987965965,46,1
7,50000,-0.0121895953564037,256,False,83118,4.42083019e-05,5118,0.2450252067293,True,,,,0.1852987965965,46,2
8,50000,-0.0178768538336473,256,True,84380,3.7408658e-05,7390,1.6482846874965,True,0.5166115140633,0.7995040075339,3.089e-09,0.1073793527919,46,0
8,50000,-0.0027375946287827,256,True,84380,3.7408658e-05,7390,1.6482846874965,True,0.5166115140633,0.7995040075339,3.089e-09,0.1073793527919,46,1
8,50000,-0.0241795458001359,256,True,84380,3.7408658e-05,7390,1.6482846874965,True,0.5166115140633,0.7995040075339,3.089e-09,0.1073793527919,46,2
9,50000,-0.0338554903606127,512,False,69877,0.0645081923993,2337,0.7723445085647,False,,,,,46,0
9,50000,-0.1219567608771256,512,False,69877,0.0645081923993,2337,0.7723445085647,False,,,,,46,1
9,50000,-0.1080757190095792,512,False,69877,0.0645081923993,2337,0.7723445085647,False,,,,,46,2
10,50000,-8.272795150789329e-05,256,False,14086,7.687042e-06,5955,0.4806401763022,False,,,,,46,0
10,50000,-0.0042444770598237,256,False,14086,7.687042e-06,5955,0.4806401763022,False,,,,,46,1
10,50000,-0.0075520766299414,256,False,14086,7.687042e-06,5955,0.4806401763022,False,,,,,46,2
11,50000,2.2250738585072014e-308,512,False,45488,0.0092562987704,3510,1.4341973906268,True,,,,0.8968889949696,46,0
11,50000,2.2250738585072014e-308,512,False,45488,0.0092562987704,3510,1.4341973906268,True,,,,0.8968889949696,46,1
11,50000,2.2250738585072014e-308,512,False,45488,0.0092562987704,3510,1.4341973906268,True,,,,0.8968889949696,46,2
12,50000,-0.012682588693121,512,False,102486,0.0005862273985,4173,0.196826565478,False,,,,,46,0
12,50000,-0.221749085626747,512,False,102486,0.0005862273985,4173,0.196826565478,False,,,,,46,1
12,50000,-0.0086950651574744,512,False,102486,0.0005862273985,4173,0.196826565478,False,,,,,46,2
13,50000,-0.0131412791314559,1024,False,83121,0.092153110401,5517,1.5200763995931,False,,,,,46,0
13,50000,-0.0119856290411305,1024,False,83121,0.092153110401,5517,1.5200763995931,False,,,,,46,1
13,50000,-0.009467251253718,1024,False,83121,0.092153110401,5517,1.5200763995931,False,,,,,46,2
14,50000,-0.0062544542566672,1024,True,9738,0.0001869072189,6038,0.1176961151153,True,0.2060887594872,0.8874359850374,3.58022389e-05,0.0398627409707,46,0
14,50000,-0.0369918424940096,1024,True,9738,0.0001869072189,6038,0.1176961151153,True,0.2060887594872,0.8874359850374,3.58022389e-05,0.0398627409707,46,1
14,50000,-0.0009820887962062,1024,True,9738,0.0001869072189,6038,0.1176961151153,True,0.2060887594872,0.8874359850374,3.58022389e-05,0.0398627409707,46,2
15,50000,-0.0064762411989854,1024,False,118732,8.3484165e-06,4573,0.1621124255561,True,,,,0.638307712604,46,0
15,50000,-0.0253999664542715,1024,False,118732,8.3484165e-06,4573,0.1621124255561,True,,,,0.638307712604,46,1
15,50000,-0.0252882535064485,1024,False,118732,8.3484165e-06,4573,0.1621124255561,True,,,,0.638307712604,46,2
16,50000,-0.0005515028616357,512,True,5835,0.0375490743238,316,0.7975809923456,True,0.3913008255217,0.878941078461,5.6097309e-06,0.5581513089476,46,0
16,50000,-0.0165730380498755,512,True,5835,0.0375490743238,316,0.7975809923456,True,0.3913008255217,0.878941078461,5.6097309e-06,0.5581513089476,46,1
16,50000,-0.0062913208330992,512,True,5835,0.0375490743238,316,0.7975809923456,True,0.3913008255217,0.878941078461,5.6097309e-06,0.5581513089476,46,2
17,50000,-0.5330915649037,256,False,14947,0.0011860856071,7448,7.3460726950632,False,,,,,46,0
17,50000,2.2250738585072014e-308,256,False,14947,0.0011860856071,7448,7.3460726950632,False,,,,,46,1
17,50000,2.2250738585072014e-308,256,False,14947,0.0011860856071,7448,7.3460726950632,False,,,,,46,2
18,50000,-0.0115406177360791,512,False,82005,0.0010098429794,3580,0.2778626253982,False,,,,,46,0
18,50000,-0.0101816733103188,512,False,82005,0.0010098429794,3580,0.2778626253982,False,,,,,46,1
18,50000,-0.0036530478979898,512,False,82005,0.0010098429794,3580,0.2778626253982,False,,,,,46,2
19,50000,-0.0250515935005947,256,True,7524,0.0035933131603,2685,5.5853519289254,True,0.8567391946379,0.3462200811076,4.306468e-07,0.9317956399262,46,0
19,50000,-0.0001314661317279,256,True,7524,0.0035933131603,2685,5.5853519289254,True,0.8567391946379,0.3462200811076,4.306468e-07,0.9317956399262,46,1
19,50000,-0.0058783083836191,256,True,7524,0.0035933131603,2685,5.5853519289254,True,0.8567391946379,0.3462200811076,4.306468e-07,0.9317956399262,46,2
20,50000,-0.0285682505040033,1024,False,111184,9.4261025e-06,284,8.6800814702817,False,,,,,46,0
20,50000,-0.1715686039058859,1024,False,111184,9.4261025e-06,284,8.6800814702817,False,,,,,46,1
20,50000,-0.5257764781647349,1024,False,111184,9.4261025e-06,284,8.6800814702817,False,,,,,46,2
21,50000,2.2250738585072014e-308,512,False,21965,0.0058007811182,6468,0.4580244328322,True,,,,0.3231721144072,46,0
21,50000,-0.0104764012591425,512,False,21965,0.0058007811182,6468,0.4580244328322,True,,,,0.3231721144072,46,1
21,50000,-98.58164982523007,512,False,21965,0.0058007811182,6468,0.4580244328322,True,,,,0.3231721144072,46,2
22,50000,-0.0117790146608624,256,True,102439,0.0101715309173,7741,0.9944370879169,False,0.9257151921052,0.5179925363227,5.7316e-09,,46,0
22,50000,-0.0415622253489297,256,True,102439,0.0101715309173,7741,0.9944370879169,False,0.9257151921052,0.5179925363227,5.7316e-09,,46,1
22,50000,-0.0053022646297835,256,True,102439,0.0101715309173,7741,0.9944370879169,False,0.9257151921052,0.5179925363227,5.7316e-09,,46,2
23,50000,2.2250738585072014e-308,256,False,113005,4.3756002e-05,3777,0.4901378312051,False,,,,,46,0
23,50000,2.2250738585072014e-308,256,False,113005,4.3756002e-05,3777,0.4901378312051,False,,,,,46,1
23,50000,2.2250738585072014e-308,256,False,113005,4.3756002e-05,3777,0.4901378312051,False,,,,,46,2
24,50000,-0.0188512905289681,1024,True,70120,0.0383692514753,4041,1.8493608878811,False,0.0178886427024,0.1120279093871,7.25296975e-05,,46,0
24,50000,-0.0768702887015466,1024,True,70120,0.0383692514753,4041,1.8493608878811,False,0.0178886427024,0.1120279093871,7.25296975e-05,,46,1
24,50000,-0.0740270882300786,1024,True,70120,0.0383692514753,4041,1.8493608878811,False,0.0178886427024,0.1120279093871,7.25296975e-05,,46,2
25,50000,-0.627359258149683,1024,False,86566,0.0496250959254,850,0.2349935214504,False,,,,,46,0
25,50000,-0.2286631480156198,1024,False,86566,0.0496250959254,850,0.2349935214504,False,,,,,46,1
25,50000,-0.0020524523005112,1024,False,86566,0.0496250959254,850,0.2349935214504,False,,,,,46,2
26,50000,-0.4346256843452303,256,False,59752,0.0001012939228,3572,0.8012382801649,False,,,,,46,0
26,50000,-0.5866057423111243,256,False,59752,0.0001012939228,3572,0.8012382801649,False,,,,,46,1
26,50000,-0.1840742936275763,256,False,59752,0.0001012939228,3572,0.8012382801649,False,,,,,46,2
27,50000,-0.0039443858156701,256,True,48617,2.9137561e-06,5060,0.526504891971,True,0.7564653618455,0.3335201462273,8.587848e-07,0.2615058098219,46,0
27,50000,-0.0026239983420267,256,True,48617,2.9137561e-06,5060,0.526504891971,True,0.7564653618455,0.3335201462273,8.587848e-07,0.2615058098219,46,1
27,50000,-0.0036712802942296,256,True,48617,2.9137561e-06,5060,0.526504891971,True,0.7564653618455,0.3335201462273,8.587848e-07,0.2615058098219,46,2
28,50000,2.2250738585072014e-308,256,True,106143,0.0070021673589,2665,0.2760680563982,False,0.2108387577634,0.6264118662447,1.8551793e-06,,46,0
28,50000,-1.5084652152258742,256,True,106143,0.0070021673589,2665,0.2760680563982,False,0.2108387577634,0.6264118662447,1.8551793e-06,,46,1
28,50000,2.2250738585072014e-308,256,True,106143,0.0070021673589,2665,0.2760680563982,False,0.2108387577634,0.6264118662447,1.8551793e-06,,46,2
29,50000,-0.0073250416997776,256,False,74770,0.0205522069203,2265,0.4138430746855,False,,,,,46,0
29,50000,-0.0068903990369228,256,False,74770,0.0205522069203,2265,0.4138430746855,False,,,,,46,1
29,50000,-0.0180388334506499,256,False,74770,0.0205522069203,2265,0.4138430746855,False,,,,,46,2
30,50000,-0.0003459394568403,1024,True,19521,0.0002466639686,4466,0.2230127308338,True,0.6052728611665,0.5067808056043,1.08701e-08,0.4485677861513,46,0
30,50000,-0.0309236915875037,1024,True,19521,0.0002466639686,4466,0.2230127308338,True,0.6052728611665,0.5067808056043,1.08701e-08,0.4485677861513,46,1
30,50000,-0.0142639237612726,1024,True,19521,0.0002466639686,4466,0.2230127308338,True,0.6052728611665,0.5067808056043,1.08701e-08,0.4485677861513,46,2
31,50000,-0.1118881693934656,256,False,85989,0.000266694984,3276,0.1786681818741,True,,,,0.6443686096929,46,0
31,50000,-0.0035657245329518,256,False,85989,0.000266694984,3276,0.1786681818741,True,,,,0.6443686096929,46,1
31,50000,-0.0119151181166049,256,False,85989,0.000266694984,3276,0.1786681818741,True,,,,0.6443686096929,46,2
